sample_id;E-301 Температура;90-100;100-110;60-70;110-120;пропан;н-бутан;140-150;и-бутан;и-пентан;н-пентан;Метан+этан из жидкости в Е-301;K-301 Темп-ра в хол. зоне;40-50;50-60;K-301 Температура верха
ПРОБА 2;76.9201750042392;2.88222490456545;5.00065521253223;3.59503321466534;4.82670199147381;9.74;4.89;1.97446633364111;3.86;2.89;2.71;0.0700664738653783;143.011335211708;0.348863075347693;0.128034046501748;91.1605930776231
ПРОБА 3;77.4170669787731;2.88222490456545;5.00065521253223;3.59503321466534;4.82670199147381;9.74;4.89;1.97446633364111;3.857;2.89;2.71;0.0700282735625866;143.012525518965;0.348863075347693;0.128034046501748;91.4230940271127
ПРОБА 4;77.840546722847;2.88222490456545;5.00065521253223;3.59503321466534;4.82670199147381;9.74;4.89;1.97446633364111;3.857;2.89;2.71;0.0700868815260011;143.022424049106;0.348863075347693;0.128034046501748;91.6468786304154
ПРОБА 5;78.2753525889726;2.88222490456545;5.00065521253223;3.59503321466534;4.82670199147381;9.74;4.89;1.97446633364111;3.857;2.89;2.71;0.0700689733846728;142.995119837191;0.348863075347693;0.128034046501748;91.8833292025789
ПРОБА 6;78.6992664636562;2.88222490456545;5.00065521253223;3.59503321466534;4.82670199147381;9.74;4.89;1.97446633364111;3.857;2.89;2.71;0.0700653085194512;143.004288052802;0.348863075347693;0.128034046501748;92.1097204552496
ПРОБА 7;79.1059854657999;2.88222490456545;5.00065521253223;3.59503321466534;4.82670199147381;9.74;4.89;1.97446633364111;3.857;2.89;2.71;0.0700649892968379;142.998763404623;0.348863075347693;0.128034046501748;92.3253698324934
ПРОБА 8;79.5051437180584;2.88222490456545;5.00065521253223;3.59503321466534;4.82670199147381;9.74;4.89;1.97446633364111;3.857;2.89;2.71;0.0700640356173679;142.999621655753;0.348863075347693;0.128034046501748;92.5316234391791
ПРОБА 9;79.8967951420799;2.88222490456545;5.00065521253223;3.59503321466534;4.82670199147381;9.74;4.89;1.97446633364111;3.857;2.89;2.71;0.0700597138517698;143.003587748431;0.348863075347693;0.128034046501748;92.7316085475877
ПРОБА 10;80.2720564293252;2.88222490456545;5.00065521253223;3.59503321466534;4.82670199147381;9.74;4.89;1.97446633364111;3.857;2.89;2.71;0.0700591746291169;142.99889804595;0.348863075347693;0.128034046501748;92.9249740407818
ПРОБА 11;77.6575473861886;2.88222490456545;5.00065521253223;3.59503321466534;4.82670199147381;9.84;4.89;1.97446633364111;3.857;2.89;2.71;0.0698616350046568;143.009684047815;0.348863075347693;0.128034046501748;91.5373405402088
ПРОБА 12;77.26431613898;2.88222490456545;5.00065521253223;3.59503321466534;4.82670199147381;9.94;4.89;1.97446633364111;3.857;2.89;2.71;0.0699393785960506;142.99981995456;0.348863075347693;0.128034046501748;91.3338379601381
ПРОБА 13;76.9146077575259;2.88222490456545;5.00065521253223;3.59503321466534;4.82670199147381;10.04;4.89;1.97446633364111;3.857;2.89;2.71;0.0699458245129657;142.999018749715;0.348863075347693;0.128034046501748;91.1472741279936
ПРОБА 14;76.9235366811614;2.88222490456545;5.00065521253223;3.59503321466534;4.82670199147381;9.94;4.89;1.97446633364111;3.957;2.89;2.71;0.0700094768438356;143.017964897456;0.348863075347693;0.128034046501748;91.1407799304548
ПРОБА 15;77.7825509819627;2.88222490456545;5.00065521253223;3.59503321466534;4.82670199147381;9.84;4.99;1.97446633364111;3.557;2.99;2.71;0.0701326785787373;143.010170750994;0.348863075347693;0.128034046501748;91.615801346407
ПРОБА 17;77.825207523423;2.88222490456545;5.00065521253223;3.59503321466534;4.82670199147381;9.84;4.89;1.97446633364111;3.757;2.89;2.71;0.0700040011844643;142.960747477954;0.348863075347693;0.128034046501748;91.6396762223945
ПРОБА 16;77.8040936432739;2.88222490456545;5.00065521253223;3.59503321466534;4.82670199147381;9.94;4.89;1.97446633364111;3.657;2.89;2.71;0.0699905251389632;143.010958649293;0.348863075347693;0.128034046501748;91.631063151519
ПРОБА 19;79.0072245029401;2.88222490456545;5.00065521253223;3.59503321466534;4.82670199147381;9.84;4.99;1.97446633364111;3.957;2.99;2.81;0.0700667316550699;143.000212139666;0.348863075347693;0.128034046501748;92.2515229537074
ПРОБА 18;77.4099736334495;2.88222490456545;5.00065521253223;3.59503321466534;4.82670199147381;9.74;5.09;1.97446633364111;3.757;2.99;2.71;0.0699125731307594;143.004332975142;0.348863075347693;0.128034046501748;91.3840659058193
ПРОБА 20;74.2708433783422;2.88222490456545;5.00065521253223;3.59503321466534;4.82670199147381;9.74;4.99;1.97446633364111;4.957;2.89;2.8;0.0698474225092262;143.014735746911;0.348863075347693;0.128034046501748;89.657534762129
ПРОБА 21;78.5209209696504;2.88222490456545;5.00065521253223;3.59503321466534;4.82670199147381;9.34;4.99;1.97446633364111;3.957;2.89;2.71;0.0701554656298533;142.976621062509;0.348863075347693;0.128034046501748;92.0082429161914
ПРОБА 22;78.5926828122626;2.88222490456545;5.00065521253223;3.59503321466534;4.82670199147381;9.84;4.99;1.97446633364111;3.757;2.89;2.81;0.0700308715056136;143.061307175969;0.348863075347693;0.128034046501748;92.0410624978556
ПРОБА 23;78.3416917793226;2.88222490456545;5.00065521253223;3.59503321466534;4.82670199147381;9.34;4.89;1.97446633364111;4.057;2.89;3.01;0.0698245146335505;143.006593886325;0.348863075347693;0.128034046501748;91.8725269439054
ПРОБА 24;76.7582765116475;2.88222490456545;5.00065521253223;3.59503321466534;4.82670199147381;9.07;5.36;1.97446633364111;3.957;2.89;3.31;0.0699193034665965;143.011723707338;0.348863075347693;0.128034046501748;91.0049890002033
ПРОБА 25;76.9270342672903;2.88222490456545;5.00065521253223;3.59503321466534;4.82670199147381;9.64;4.89;1.97446633364111;3.957;2.89;2.71;0.0701814175111332;142.987821689436;0.348863075347693;0.128034046501748;91.1317540072541
ПРОБА 26;77.7976287286879;2.88222490456545;5.00065521253223;3.59503321466534;4.82670199147381;9.74;4.89;1.97446633364111;3.857;2.99;2.61;0.0701247488835423;142.972325539023;0.348863075347693;0.128034046501748;91.6352983609751
ПРОБА 27;77.4099736334495;2.88222490456545;5.00065521253223;3.59503321466534;4.82670199147381;9.44;4.79;1.97446633364111;3.857;2.39;3.61;0.0699125731307594;143.004332975142;0.348863075347693;0.128034046501748;91.3840659058193
ПРОБА 28;76.8984536833213;2.88222490456545;5.00065521253223;3.59503321466534;4.82670199147381;9.64;4.89;1.97446633364111;3.857;2.69;2.61;0.0698500666334936;143.002023843881;0.348863075347693;0.128034046501748;91.1772679187488
ПРОБА 29;76.4515173830183;2.88222490456545;5.00065521253223;3.59503321466534;4.82670199147381;9.74;4.89;1.97446633364111;3.857;3.29;2.81;0.0699556638051183;143.014570040314;0.348863075347693;0.128034046501748;90.8548489920754
ПРОБА 30;79.5281244939837;2.88222490456545;5.00065521253223;3.59503321466534;4.82670199147381;9.74;4.89;1.97446633364111;3.857;2.89;3.71;0.0701422758215579;142.985894293918;0.348863075347693;0.128034046501748;92.5110680393951
ПРОБА 31;77.3601423754085;2.51;5.30065521253223;3.59503321466534;4.82670199147381;9.84;4.89;1.99446633364111;3.957;2.89;2.71;0.0698819495363762;143.008294045834;0.4;0.128034046501748;91.377809092594
ПРОБА 32;77.6308936607457;2.88222490456545;5.00065521253223;3.79503321466534;4.82670199147381;9.74;4.59;1.97446633364111;3.857;2.89;1.71;0.0700192563338955;142.996943310434;0.65;0.828034046501748;91.5221793587025
ПРОБА 33;75.523076885415;2.88222490456545;5.00065521253223;3.59503321466534;4.82670199147381;9.74;4.89;1.97446633364111;3.857;2.89;5.71;0.0698878544861388;142.767690760236;0.348863075347693;0.128034046501748;90.7163542825354
ПРОБА 34;74.3362121313103;2.88222490456545;5.00065521253223;3.59503321466534;4.82670199147381;10.04;4.8;1.97446633364111;3.657;2.89;3.71;0.0699458607193008;142.640949002364;0.348863075347693;0.128034046501748;89.8807871981832
ПРОБА 35;78.8251655581401;2.88222490456545;5.00065521253223;3.59503321466534;4.82670199147381;9.74;4.89;1.97446633364111;3.457;2.89;2.71;0.0700663646537883;142.992019495107;0.348863075347693;0.128034046501748;92.1762320835248
ПРОБА 36;82.4329727678526;2.88222490456545;5.00065521253223;3.59503321466534;4.82670199147381;9.84;4.89;1.97446633364111;3.957;2.99;2.91;0.0701474323607001;142.982171556059;0.348863075347693;0.128034046501748;94.0764301704502
ПРОБА 37;47.6108097169045;2.88222490456545;5.00065521253223;3.59503321466534;4.82670199147381;7.54;4.89;1.97446633364111;8.857;2.89;2.91;0.069843520339178;143.108497963111;0.348863075347693;0.128034046501748;77.6859276892368
ПРОБА 38;77.8379402834491;2.88222490456545;5.00065521253223;3.5;4.82670199147381;9.74;4.89;1.97446633364111;3.857;2.89;2.71;0.0701000380469715;143.013799005165;0.45;0.128034046501748;91.6471277059479
ПРОБА 39;77.8728659806204;3.88222490456545;4.0;3.59503321466534;4.84;9.84;4.89;1.97446633364111;3.757;2.89;2.71;0.0700353466082114;142.99867808232;0.348863075347693;0.128034046501748;91.6321238400885
ПРОБА 40;77.0836522347083;2.88222490456545;5.00065521253223;3.59503321466534;4.82670199147381;9.84;4.89;1.97446633364111;3.857;2.89;2.71;0.0698599725477079;142.984076554157;0.548863075347693;0.128034046501748;91.204728169731
ПРОБА 41;83.6723404834679;2.88222490456545;5.00065521253223;3.59503321466534;4.82670199147381;8.74;4.89;1.97446633364111;3.857;2.89;2.71;0.0700542577286032;142.985387514295;0.348863075347693;0.128034046501748;94.9253454642749
ПРОБА 42;81.6633844639019;2.88222490456545;5.00065521253223;3.59503321466534;4.82670199147381;9.74;4.89;1.97446633364111;3.857;2.89;2.71;0.0701485327396043;143.000272335022;0.348863075347693;0.128034046501748;93.6627820609917
ПРОБА 43;81.6594632839888;2.88222490456545;5.00065521253223;3.59503321466534;4.82670199147381;9.74;4.89;1.97446633364111;3.857;2.89;2.71;0.0701537557056181;142.995798296162;0.348863075347693;0.128034046501748;93.6629936390411
ПРОБА 44;72.8185769936337;2.88222490456545;5.00065521253223;3.59503321466534;4.82670199147381;9.74;4.89;1.97446633364111;3.857;2.89;2.71;0.0699257682429429;143.002627333045;0.348863075347693;0.128034046501748;89.0077913465252
ПРОБА 45;66.2392911116436;2.88222490456545;5.00065521253223;3.59503321466534;4.82670199147381;9.74;4.89;1.97446633364111;3.857;2.89;2.71;0.0698770912574058;143.005060929992;0.348863075347693;0.128034046501748;85.0515249633797
ПРОБА 46;57.8935375925092;2.88222490456545;5.00065521253223;3.59503321466534;4.82670199147381;9.74;4.89;1.97446633364111;3.857;2.89;2.71;0.0698921754339456;143.003466771404;0.348863075347693;0.128034046501748;77.9550975910967
ПРОБА 47;46.2555823233188;2.88222490456545;5.00065521253223;3.59503321466534;4.82670199147381;9.74;4.89;1.97446633364111;3.857;2.89;2.71;0.0698654332002576;143.001310985925;0.348863075347693;0.128034046501748;65.4123411893558
ПРОБА 48;27.7711214074108;2.88222490456545;5.00065521253223;3.59503321466534;4.82670199147381;9.74;4.89;1.97446633364111;3.857;2.89;2.71;0.069970116425007;143.004627239327;0.348863075347693;0.128034046501748;48.0212498114796
ПРОБА 49;7.38738483111541;2.88222490456545;5.00065521253223;3.59503321466534;4.82670199147381;9.74;4.89;1.97446633364111;3.857;2.89;2.71;0.0698684618999441;143.011925777556;0.348863075347693;0.128034046501748;34.4420890575831
ПРОБА 50;77.4309595851343;2.88222490456545;5.00065521253223;3.59503321466534;4.82670199147381;10.74;4.89;1.97446633364111;2.857;2.89;2.71;0.0699623497577281;143.000300840866;0.348863075347693;0.128034046501748;91.4897627672012
ПРОБА 51;78.2564844833674;2.88222490456545;5.00065521253223;3.59503321466534;4.82670199147381;8.74;4.89;1.97446633364111;4.857;2.89;2.71;0.0701567708351634;143.040040572581;0.348863075347693;0.128034046501748;91.8105044997136
ПРОБА 52;78.7363928204701;2.88222490456545;5.00065521253223;3.59503321466534;4.82670199147381;7.74;4.89;1.97446633364111;5.857;2.89;2.71;0.0700771772719486;143.001494253915;0.348863075347693;0.128034046501748;92.0072095081767
ПРОБА 53;79.3290165555129;2.88222490456545;5.00065521253223;3.59503321466534;4.82670199147381;6.74;6.89;1.97446633364111;4.857;2.89;2.71;0.070109237665061;143.039205716058;0.348863075347693;0.128034046501748;92.213021284495
ПРОБА 54;79.2070066070141;2.88222490456545;5.00065521253223;3.59503321466534;4.82670199147381;6.74;4.89;1.97446633364111;6.857;2.89;2.71;0.0699645568134138;142.996715614574;0.348863075347693;0.128034046501748;92.1534304971943
ПРОБА 55;79.4939152314892;2.88222490456545;5.00065521253223;3.59503321466534;4.82670199147381;5.74;4.89;1.97446633364111;7.857;2.89;2.71;0.0701468136323459;143.067010807002;0.348863075347693;0.128034046501748;92.2790626384326
ПРОБА 56;79.8976405016006;2.88222490456545;5.00065521253223;3.59503321466534;4.82670199147381;4.74;4.89;1.97446633364111;8.857;2.89;2.71;0.0700786653520927;143.01656194283;0.348863075347693;0.128034046501748;92.4361706922422
ПРОБА 57;80.2332472914233;2.88222490456545;5.00065521253223;3.59503321466534;4.82670199147381;3.74;4.89;1.97446633364111;9.857;2.89;2.71;0.070059547776441;143.011144406464;0.348863075347693;0.128034046501748;92.5534585415627
ПРОБА 58;80.5406293929732;2.88222490456545;5.00065521253223;3.59503321466534;4.82670199147381;2.74;4.89;1.97446633364111;10.857;2.89;2.71;0.0700500299797842;143.095328681217;0.348863075347693;0.128034046501748;92.6498412463558
ПРОБА 59;77.8813272757217;2.88222490456545;5.00065521253223;3.59503321466534;4.82670199147381;9.74;3.89;1.97446633364111;3.857;3.89;2.71;0.0700264365986835;143.103725234048;0.348863075347693;0.128034046501748;91.6401909605169
ПРОБА 60;77.854098626355;2.88222490456545;5.00065521253223;3.59503321466534;4.82670199147381;9.74;2.89;1.97446633364111;3.857;4.89;2.71;0.0700274913464194;143.017541310322;0.348863075347693;0.128034046501748;91.5792982635617
ПРОБА 61;77.8324296953731;2.88222490456545;5.00065521253223;3.59503321466534;4.82670199147381;9.74;1.89;1.97446633364111;3.857;5.89;2.71;0.069989583578359;142.992031764314;0.348863075347693;0.128034046501748;91.5430880102547
ПРОБА 62;77.8004068765087;2.88222490456545;5.00065521253223;3.59503321466534;4.82670199147381;9.74;0.89;1.97446633364111;3.857;6.89;2.71;0.0699958939810058;143.019547773357;0.348863075347693;0.128034046501748;91.50131518839
ПРОБА 63;77.7682190741715;2.88222490456545;5.00065521253223;3.59503321466534;4.82670199147381;9.74;5.89;1.97446633364111;4.857;1.89;1.71;0.0700618657583646;143.119820799572;0.348863075347693;0.128034046501748;91.6866630765772
ПРОБА 64;77.7793379750543;2.88222490456545;5.00065521253223;3.59503321466534;4.82670199147381;9.74;3.89;1.97446633364111;2.857;3.89;3.71;0.0698985340848023;142.949126356459;0.348863075347693;0.128034046501748;91.6280738271781
ПРОБА 65;77.6588962872865;2.88222490456545;5.00065521253223;3.59503321466534;4.82670199147381;9.74;2.89;1.97446633364111;1.857;4.89;4.71;0.0700959416253809;143.15047087119;0.348863075347693;0.128034046501748;91.6082470293742
ПРОБА 66;77.582370103424;2.88222490456545;5.00065521253223;3.59503321466534;4.82670199147381;9.74;1.89;1.97446633364111;0.857;5.89;5.71;0.0699971469065243;143.063425301589;0.348863075347693;0.128034046501748;91.5763809423436
ПРОБА 67;77.8286771862757;2.88222490456545;5.00065521253223;3.59503321466534;4.82670199147381;8.74;0.89;1.97446633364111;0.857;6.89;6.71;0.0699301118164918;142.966537475823;0.348863075347693;0.128034046501748;91.647256024383
ПРОБА 68;78.6549347579203;2.88222490456545;5.00065521253223;3.59503321466534;4.82670199147381;7.74;4.89;1.97446633364111;3.857;3.89;3.71;0.0700973577433712;143.136476732812;0.348863075347693;0.128034046501748;91.9672443503605
ПРОБА 69;80.692132615246;2.88222490456545;5.00065521253223;3.59503321466534;4.82670199147381;8.74;2.89;1.97446633364111;3.857;3.89;3.71;0.0698216122758367;143.001881740159;0.348863075347693;0.128034046501748;93.1306073092946
ПРОБА 70;102.362144620066;2.88222490456545;5.87;3.59503321466534;2.83;0.0;4.89;1.97446633364111;3.857;2.89;2.71;0.0518151290465458;68.2177703673963;5.43;7.13;121.339825719555
ПРОБА 71;54.7462890973391;2.88222490456545;5.00065521253223;3.59503321466534;4.82670199147381;4.74;0.0;1.97446633364111;0.0;0.0;0.0;0.0701394151086375;143.003316411357;0.348863075347693;0.128034046501748;84.8420148923803
ПРОБА 72;59.698575217801;2.88222490456545;5.00065521253223;3.59503321466534;4.82670199147381;4.74;0.0;1.97446633364111;0.0;0.0;0.0;0.070147068539529;142.999056987676;0.348863075347693;0.128034046501748;86.4959217253413
ПРОБА 73;64.2873085475644;2.88222490456545;5.00065521253223;3.59503321466534;4.82670199147381;4.74;0.0;1.97446633364111;0.0;0.0;0.0;0.0701266567677478;142.999930475706;0.348863075347693;0.128034046501748;88.026869759237
ПРОБА 74;68.6337911446585;2.88222490456545;5.00065521253223;3.59503321466534;4.82670199147381;4.74;0.0;1.97446633364111;0.0;0.0;0.0;0.0698399594677896;142.999892719376;0.348863075347693;0.128034046501748;89.5775844513092
ПРОБА 75;72.2005749656745;2.88222490456545;5.00065521253223;3.59503321466534;4.82670199147381;4.74;0.0;1.97446633364111;0.0;0.0;0.0;0.0698739505099013;142.998624717646;0.348863075347693;0.128034046501748;90.9310595844705
ПРОБА 76;75.3124583169246;2.88222490456545;5.00065521253223;3.59503321466534;4.82670199147381;4.74;0.0;1.97446633364111;0.0;0.0;0.0;0.0698447134148887;142.998703644658;0.348863075347693;0.128034046501748;92.2139841221922
ПРОБА 77;77.6247391093145;2.88222490456545;5.00065521253223;3.59503321466534;4.82670199147381;4.74;0.0;1.97446633364111;0.0;0.0;0.0;0.0700820035790865;143.001006367311;0.348863075347693;0.128034046501748;93.5630266021884
ПРОБА 78;74.0507653863777;2.88222490456545;5.00065521253223;3.59503321466534;4.82670199147381;4.74;0.0;1.97446633364111;0.0;0.0;0.0;0.0907700431447633;143.066923746186;0.348863075347693;0.128034046501748;30.0778287377474
ПРОБА 79;79.315965878102;2.88222490456545;5.00065521253223;3.59503321466534;4.82670199147381;4.74;0.0;1.97446633364111;0.0;0.0;0.0;0.0758660882212817;140.411271625927;0.348863075347693;0.128034046501748;7.09790124280528
ПРОБА 81;79.4525212467793;2.88222490456545;5.00065521253223;3.59503321466534;4.82670199147381;4.74;0.0;1.97446633364111;0.0;0.0;0.0;0.0796135041543031;142.976769746861;0.348863075347693;0.128034046501748;84.0028769797346
ПРОБА 82;90.9211928626274;2.88222490456545;5.00065521253223;3.59503321466534;4.82670199147381;10.0;0.0;1.97446633364111;20.0;0.0;0.0;0.0719676540513606;142.935663414745;0.35;0.128034046501748;97.6219700962422
ПРОБА 83;90.2833752835326;2.88222490456545;5.00065521253223;3.59503321466534;4.82670199147381;11.0;0.0;1.97446633364111;19.0;0.0;0.0;0.0693282187810231;144.494063884529;0.348863075347693;0.128034046501748;96.2718069872161
ПРОБА 84;86.4488050661017;2.88222490456545;5.00065521253223;3.59503321466534;4.82670199147381;12.0;0.0;1.97446633364111;18.0;0.0;0.0;0.0731336989651607;142.839186801806;0.348863075347693;0.128034046501748;108.582977134423
ПРОБА 85;88.2839052392625;2.88222490456545;5.00065521253223;3.59503321466534;4.82670199147381;13.0;0.0;1.97446633364111;17.0;0.0;0.0;0.0700062334314723;142.970442975327;0.348863075347693;0.128034046501748;95.6650294619665
ПРОБА 86;87.0001264667716;2.88222490456545;5.00065521253223;3.59503321466534;4.82670199147381;14.0;0.0;1.97446633364111;16.0;0.0;0.0;0.070016425458949;142.995019474829;0.348863075347693;0.128034046501748;95.0402979068867
ПРОБА 87;85.7878969327455;2.88222490456545;5.00065521253223;3.59503321466534;4.82670199147381;15.0;0.0;1.97446633364111;15.0;0.0;0.0;0.0700046607647122;142.936402788457;0.348863075347693;0.128034046501748;94.4306196029355
ПРОБА 88;84.5409071911188;2.88222490456545;5.00065521253223;3.59503321466534;4.82670199147381;16.0;0.0;1.97446633364111;14.0;0.0;0.0;0.0700285893652501;143.015294530217;0.348863075347693;0.128034046501748;93.7113926951827
ПРОБА 89;83.360783860438;2.88222490456545;5.00065521253223;3.59503321466534;4.82670199147381;17.0;0.0;1.97446633364111;13.0;0.0;0.0;0.0700291016882827;143.010903875807;0.348863075347693;0.128034046501748;93.0226061478812
ПРОБА 90;82.2085878934104;2.88222490456545;5.00065521253223;3.59503321466534;4.82670199147381;18.0;0.0;1.97446633364111;12.0;0.0;0.0;0.0700275070342902;143.007003805985;0.348863075347693;0.128034046501748;92.3247181644172
ПРОБА 91;81.0821020980689;2.88222490456545;5.00065521253223;3.59503321466534;4.82670199147381;19.0;0.0;1.97446633364111;11.0;0.0;0.0;0.0700227610239782;143.01575710591;0.348863075347693;0.128034046501748;91.6153741547106
ПРОБА 92;80.0201793305314;2.88222490456545;5.00065521253223;3.59503321466534;4.82670199147381;20.0;0.0;1.97446633364111;10.0;0.0;0.0;0.0700186646416057;142.953812957116;0.348863075347693;0.128034046501748;90.9300996442375
ПРОБА 93;90.5346810534014;2.88222490456545;5.00065521253223;3.59503321466534;4.82670199147381;0.0;20.0;1.97446633364111;0.0;10.0;0.0;0.117746180984115;127.463862923442;0.348863075347693;0.128034046501748;102.385218805934
ПРОБА 94;85.6807657176552;2.88222490456545;5.00065521253223;3.59503321466534;4.82670199147381;0.0;19.0;1.97446633364111;0.0;11.0;0.0;0.133365745345535;134.529608033177;0.348863075347693;0.128034046501748;100.692654693995
ПРОБА 95;68.2446494182169;2.88222490456545;5.00065521253223;3.59503321466534;4.82670199147381;0.0;18.0;1.97446633364111;0.0;12.0;0.0;0.191716991710876;119.548325386905;0.348863075347693;0.128034046501748;89.4530609294098
ПРОБА 96;156.440520977345;2.88222490456545;5.00065521253223;3.59503321466534;4.82670199147381;0.0;17.0;1.97446633364111;0.0;13.0;0.0;0.0327950509149222;115.67595638353;0.348863075347693;0.128034046501748;131.330148705602
ПРОБА 97;121.406793457262;2.88222490456545;5.00065521253223;3.59503321466534;4.82670199147381;0.0;16.0;1.97446633364111;0.0;14.0;0.0;0.0620429411298482;114.497398231547;0.348863075347693;0.128034046501748;127.345074213588
ПРОБА 98;81.0330145694036;2.88222490456545;5.00065521253223;3.59503321466534;4.82670199147381;0.0;15.0;1.97446633364111;0.0;15.0;0.0;0.150460782881722;108.187420481359;0.348863075347693;0.128034046501748;94.5210444650241
ПРОБА 99;72.9307212184262;2.88222490456545;5.00065521253223;3.59503321466534;4.82670199147381;0.0;14.0;1.97446633364111;0.0;16.0;0.0;0.171912398588437;143.682371461142;0.348863075347693;0.128034046501748;97.3810497385018
ПРОБА 100;;2.88222490456545;5.00065521253223;3.59503321466534;4.82670199147381;0.0;13.0;1.97446633364111;0.0;17.0;0.0;;;0.348863075347693;0.128034046501748;
ПРОБА 101;98.3432006937277;2.88222490456545;5.00065521253223;3.59503321466534;4.82670199147381;0.0;12.0;1.97446633364111;0.0;18.0;0.0;0.107271783542333;172.658970098112;0.348863075347693;0.128034046501748;36.0711206564048
ПРОБА 102;67.0526362088354;2.88222490456545;5.00065521253223;3.59503321466534;4.82670199147381;0.0;11.0;1.97446633364111;0.0;19.0;0.0;0.181039668651207;169.05141406157;0.348863075347693;0.128034046501748;75.0503668183021
ПРОБА 103;80.2891656214929;2.88222490456545;5.00065521253223;3.59503321466534;4.82670199147381;0.0;10.0;1.97446633364111;0.0;20.0;0.0;0.16864793842122;147.412913253643;0.348863075347693;0.128034046501748;89.784877619203
ПРОБА 102_dup2;72.35660653965459;2.8080403268468515;4.823731325778834;3.5268402993154795;4.856940548359905;8.682175050631113;2.8135831468401964;1.97446633364111;1.8233176934801;2.2837061345064877;1.0010887708160296;0.0327950509149222;144.02733451279016;0.348863075347693;0.128034046501748;107.8310483661014
ПРОБА 103_dup2;131.89304192391302;2.6751648782484776;5.025957116050488;3.651686122736976;4.977302297530775;9.718931280006522;4.592085175188776;2.022650606912373;5.187924857798262;4.287757989705413;4.503868189858239;0.191716991710876;143.93582664484674;0.348863075347693;0.128034046501748;66.27340584841818
ПРОБА 104;-175.4489038032552;2.51;4.27158488171999;3.5;4.14159775311035;0.0;0.0;1.97446633364111;0.0;0.0;0.0;0.0327950509149222;133.19011918394958;0.348863075347693;0.128034046501748;338.91474106063833
ПРОБА 105;-31.82637828216565;2.51;4.533160680298127;3.5;4.577287370092579;5.150703294395085;0.0;1.97446633364111;0.0;0.0;0.0;0.0327950509149222;127.81162431681462;0.5937078666052246;0.1306574546135037;215.70538641764608
ПРОБА 106;630.6192787876755;3.9865026880781342;6.041357912563668;4.647971367567407;6.243407249971976;20.0;20.0;3.0135890889629064;20.0;20.0;6.71;0.191716991710876;148.5611251650528;1.1276676273143431;1.186018109516653;150.7773704787125
ПРОБА 107;307.7395824125981;3.138621404348373;5.264534056135559;4.006487722190745;5.226393188613211;16.490597498932104;13.36296560451936;2.3853271211015485;12.21414373482468;9.287681662609238;6.71;0.191716991710876;157.64471494979134;1.0237763643109248;0.128034046501748;-271.15
ПРОБА 108;221.64922389950635;3.116454347784984;5.115807950446889;3.856072449012497;4.941051311258487;14.477003068438036;9.886865806532768;2.2108034675516546;8.538196238503328;6.45411895568445;6.71;0.191716991710876;143.4010302803322;0.3525730139863477;0.4353258810331057;178.08118466710533
ПРОБА 109;47.78149197619575;2.7329072596525563;4.761812280374572;3.5172389055103865;4.680319460672565;7.078210795994745;2.377525458229762;1.97446633364111;1.9253436737110208;0.0;0.5530959368656398;0.0327950509149222;146.2850558351927;0.348863075347693;0.128034046501748;120.39441171006388
ПРОБА 110;12.267300766275753;2.7289195211583244;4.893920632851844;3.5;4.653835943981631;5.957084582437239;1.9406616071423184;1.97446633364111;1.707095421592735;0.0;0.0;0.0327950509149222;131.80596638871864;0.348863075347693;0.128034046501748;107.771701963821
ПРОБА 111;210.50175329477548;3.10498748911325;5.172815484484112;3.779508897632637;5.009544479762218;13.050219913507938;9.678349042329671;2.1890870609961923;5.957025564276774;6.77941333553528;6.71;0.191716991710876;140.65737906203248;0.9278929447386556;0.128034046501748;-97.16786421984614
ПРОБА 112;-42.51170620386464;2.555522624645801;4.675134020592233;3.5;4.523586352167291;4.6621234359987405;0.1844504697011062;1.97446633364111;0.0;0.0;0.0;0.0327950509149222;142.07763582682472;0.348863075347693;0.1609557126360856;-117.54085458309972
ПРОБА 113;160.6386393520687;2.81532594127362;5.202286245698193;3.7161297264529938;4.693361617155551;12.686531218802196;6.537416364735961;2.0850044132906898;6.6166456061666015;5.678441248855725;5.035141889040444;0.191716991710876;144.09297590246663;0.348863075347693;0.128034046501748;136.22293806752225
ПРОБА 114;-18.35233163998637;2.51;4.729145729100482;3.5;4.415916409081465;4.815131141252259;0.0;1.97446633364111;0.0;0.0;0.0;0.0327950509149222;142.06624355472488;0.348863075347693;0.128034046501748;218.60737979502528
ПРОБА 115;160.66984178833695;2.9242955903339127;5.065963369322186;3.740772452547816;4.910187708305532;13.03722858779201;6.580884209911995;2.0806721403063024;7.502936428877484;5.376035251468262;4.709853559240299;0.191716991710876;144.55798845559914;0.348863075347693;0.128034046501748;144.4231483486355
ПРОБА 116;160.69220673045857;2.990162181579634;5.182681158534024;3.7319489255234175;4.907563705420494;12.378391320760883;7.85168369968783;2.084526324809875;6.3962385912094994;5.470710435837533;4.743212917451556;0.191716991710876;143.54537402735443;0.348863075347693;1.000956328773252;253.0471362268773
ПРОБА 117;160.69220673045857;2.921554588382772;5.213496808745403;3.694893119662931;4.840409386860202;11.051589515625604;8.559256418805573;2.0842811893750897;6.874465964352245;5.677016646511079;4.79567750002381;0.191716991710876;141.07861981671593;0.63229245925692;0.128034046501748;102.37426718255466
ПРОБА 118;-51.20065650463681;2.6388175588350835;4.6626646313140565;3.5;4.481810588261258;3.803918233187523;0.0;1.97446633364111;0.0;0.0;0.0;0.0327950509149222;132.03791009051628;0.348863075347693;0.198619586878776;-12.37903627342348
ПРОБА 119;12.1781377263423;2.6621513738811653;4.824902551816971;3.5;4.648437940672899;5.01143661751519;0.6955454905510976;1.97446633364111;0.9010829083103998;0.0;0.0;0.0327950509149222;147.49941768896937;1.1670441215032796;0.128034046501748;24.43756469003415
ПРОБА 120;163.68129038667132;2.886735962956233;4.9935185013033205;3.683344511649484;5.090201011679535;12.908895626064623;7.49452254862715;2.09071294106812;7.21591688074639;3.000235260267877;4.418953670630737;0.191716991710876;152.90410416025904;0.348863075347693;0.3099480375715547;70.1915375401876
ПРОБА 121;161.03451279455584;2.9599927273603086;4.975930816026061;3.699249705458744;4.919312736877083;11.874648310086478;6.828812721059829;2.0852270821746743;6.274452241209899;5.110634147870527;5.183775237986001;0.191716991710876;139.21594952497546;0.5455057916868873;0.6682247827883813;95.47231313844073
ПРОБА 122;-39.00351041652715;2.617545110224808;4.829836696220195;3.5;4.602704442992738;3.7381909290841504;0.0251069457693002;1.97446633364111;0.0;0.0;0.0;0.0327950509149222;132.8734106659482;0.348863075347693;0.128034046501748;221.9712124467032
ПРОБА 123;-46.62495146173322;2.613625928963495;4.764071799819825;3.5;4.429893723524686;2.937266106417228;0.0;1.97446633364111;0.0;0.0;0.0;0.0327950509149222;136.5942425237187;0.348863075347693;0.4044507767136571;75.25218373847252
ПРОБА 124;44.99573058056211;2.974512603285849;4.948927032477795;3.5;4.799679171802205;8.505564271187012;1.606317885596087;1.97446633364111;0.5366776677736002;1.6206573252341026;0.0;0.0327950509149222;142.93672726555434;0.348863075347693;0.128034046501748;93.13840011732464
ПРОБА 125;23.99413749638768;2.641221693751989;4.879739642332591;3.5;4.72478477678118;6.288429727077203;0.8105428751845583;1.97446633364111;0.4124305289056517;0.0;0.0;0.0327950509149222;139.57944181530237;0.348863075347693;0.1360960947705516;210.453784145449
ПРОБА 126;217.45003402349488;3.0962222206279244;5.230084976524908;3.8303452953452366;5.193786093017944;13.752867248067185;7.010839057844147;2.196409684789024;8.145672537777934;6.8308339928333925;6.71;0.191716991710876;148.9411080449116;0.6723916560870131;0.8894714605387302;-240.2558993574141
ПРОБА 127;134.7329350129362;2.9879186177439587;5.165974954342508;3.635322548118856;5.002832174423658;10.520377559319716;5.05887266543914;2.034242407194803;5.3729049741614405;4.507672222353683;4.164453731197095;0.191716991710876;143.59389037069266;1.212423078401231;0.5708096057878376;93.89564912522444
ПРОБА 128;30.90730873336452;2.728860743500539;4.995520630722868;3.5;4.774289511237655;7.251795244178426;0.9543299427791512;1.97446633364111;1.8363103055353729;0.0;0.0;0.0327950509149222;140.13769184403284;0.348863075347693;1.09626849765446;142.06105343673556
ПРОБА 129;225.39030233401328;3.063258470731084;5.380765200140324;3.8316917742465537;5.048157365656183;14.864249867015108;9.447701148132198;2.2182211728483088;7.557269720672619;7.64741315120768;6.71;0.191716991710876;159.17203426467154;0.6980033066910156;0.128034046501748;-271.15
ПРОБА 130;3.56194796158934;2.51;4.779404235351684;3.5;4.662012893391461;6.03840423935006;1.8886375194143343;1.97446633364111;0.0;0.0;0.0;0.0327950509149222;137.17329883289824;0.578317278386782;0.128034046501748;-39.98810158368417
ПРОБА 131;144.50149105186767;2.9003125801299388;5.2931275805112845;3.691477275777301;5.081002404557701;11.694074354373086;6.168192700174502;2.0580888176832555;6.861708899024178;3.855482005375781;3.694684847952229;0.191716991710876;152.70802905962367;0.3567932276731903;0.128034046501748;86.43920676908675
ПРОБА 132;47.95508759078848;2.6428546659762704;4.919496862748285;3.5;4.600549361744943;9.543044813792498;1.5205834926508823;1.97446633364111;0.7748089841094725;1.3570758521645376;0.3632454406669278;0.0327950509149222;148.8033416384612;0.348863075347693;0.3974902709156131;259.3443315862611
ПРОБА 133;163.03528170212013;2.7983540960819533;5.212600751409165;3.6964020994661055;4.83467393741085;11.598189960990688;7.097650436161773;2.088812364581205;5.299354960084982;5.8320063460676055;5.096906298445962;0.191716991710876;147.3325482602767;0.348863075347693;0.5328209148055245;209.55809300058576
ПРОБА 134;43.124580478019936;2.664986224104668;4.918192755274564;3.5;4.73050059705106;6.695934199339757;3.4073505498526435;1.97446633364111;1.5274831202424886;0.0;0.3647401827789617;0.0327950509149222;131.0444447014297;0.4948753894913614;0.128034046501748;87.72151316912203
ПРОБА 135;108.56392262379916;2.767115323894238;5.043604621827304;3.585072794931889;4.900548870305396;9.011977885994586;3.999791798127559;1.9787271733092648;4.787135804727784;3.949644742459864;2.855221802853805;0.1299080974602717;143.22818503542553;0.348863075347693;0.128034046501748;77.81911350761732
ПРОБА 136;165.70641922474562;3.0678946315129;5.004743051298905;3.674901453978432;4.807236676761105;12.727429900855816;6.3508755943588735;2.100593106978493;6.239876533840982;5.960016823651827;5.179158618632618;0.191716991710876;142.0925089578722;0.348863075347693;0.6950914603108842;116.23934509856063
ПРОБА 137;166.72054599632725;3.0719017811252045;5.230719828964811;3.732921161464413;4.93478003955926;13.28098784186448;7.86056450841781;2.0966223365261123;7.597976139580576;5.403941436516245;5.616412171244501;0.191716991710876;144.91561445476782;0.524258454399164;0.128034046501748;85.97897457448278
ПРОБА 138;28.29277117616971;2.6229496597253306;5.287962150222201;3.5;4.654702424607352;6.50095709868241;1.5433684406064847;1.97446633364111;1.5886985389038126;0.0;0.0;0.0327950509149222;135.10699006074492;0.348863075347693;0.6490430674539514;539.5270146972039
ПРОБА 139;167.08784903878018;2.974142604129229;5.06375503025286;3.716112341477805;4.576977955652314;11.326551193879176;7.964192361551178;2.097511510130252;7.125527737731766;4.457501652266135;4.174810733847594;0.191716991710876;148.7709431254022;0.348863075347693;1.917696642797422;330.554157998478
ПРОБА 140;163.7275716581213;2.7846858283731493;5.126503384466719;3.6622884950812034;4.904534827053735;11.20781535992411;7.168649783820052;2.094680420553378;6.703413076939442;4.644633998712327;4.895795940467306;0.191716991710876;149.86456132616206;0.7213886024946349;0.4574920796087149;-13.44900498561134
ПРОБА 141;-46.44761385135857;2.5203005630803963;4.625556016599923;3.5;4.494615712233499;4.275881943060856;0.0;1.97446633364111;0.0699422555822399;0.0;0.0;0.0327950509149222;144.52559195456234;0.348863075347693;0.1635604470205021;-271.15
ПРОБА 142;-241.3122045060131;2.51;4.229310720991327;3.5;4.104388200003452;0.0;0.0;1.97446633364111;0.0;0.0;0.0;0.0327950509149222;130.57395696128722;0.348863075347693;0.128034046501748;193.2709089080512
ПРОБА 143;64.56583045098563;2.8931896106692907;5.157793269238886;3.51976673130974;4.980158978831999;8.608981195635117;3.2037422765416546;1.97446633364111;0.1793046352634086;1.6533391759497926;1.0674253433668632;0.0327950509149222;136.2136767584044;0.348863075347693;0.128034046501748;52.39831441290943
ПРОБА 144;64.57710379959923;2.717340383993795;4.812267788666756;3.5;4.5393696695372965;7.400768153985772;3.0055878469113093;1.97446633364111;3.787532222791608;0.0;1.4552360939181916;0.0327950509149222;143.58289784595317;0.348863075347693;0.128034046501748;-17.139077525659957
ПРОБА 145;-38.82545068798251;2.71235547495435;4.636456456187865;3.5;4.398086494885597;4.162337004837918;0.0;1.97446633364111;0.0;0.0;0.0;0.0327950509149222;147.8146452094413;0.8737912686688617;0.128034046501748;246.97741312869448
ПРОБА 146;230.6890102788004;2.957780093725122;5.001978620189561;3.833556076276479;4.637696901277447;14.82743992958324;8.297276172573824;2.227915414045592;8.935634564785547;7.970401875016521;6.71;0.191716991710876;147.09211042176457;1.0759444402501446;0.128034046501748;-271.15
ПРОБА 147;198.71131916268064;2.9244784002208952;5.0673463759142825;3.77595896617914;4.930730773679527;13.650335072526737;9.267395511072383;2.166932315930104;8.85819716065825;9.02677662085664;6.094387699164768;0.191716991710876;148.132345369298;0.5759636699927515;1.3186285097518642;-270.03814007439803
ПРОБА 148;-28.38837089094676;2.6940991554021374;4.464982506229631;3.5;4.490814639840336;5.219087651600817;0.0;1.97446633364111;0.0;0.0;0.0;0.0327950509149222;137.730647825637;0.348863075347693;0.128034046501748;190.790515973622
ПРОБА 149;212.9439809872912;3.286708732703099;5.3123290922651965;3.823404780492434;4.954328461876929;14.224548497556828;8.128672667134815;2.1852042371221474;6.866305734676008;8.62296751527228;6.71;0.191716991710876;143.56825109200244;0.348863075347693;0.5636483199762917;-232.85533374402908
ПРОБА 150;-30.521503510977425;2.6651065549159294;5.1632280413777805;3.5;4.73835462427991;4.941247131923294;0.0;1.97446633364111;0.0;0.0;0.0;0.0327950509149222;142.3309946127614;0.348863075347693;0.128034046501748;43.5510909899474
ПРОБА 151;200.6178921666828;3.0663471387373757;5.132079903652913;3.808377756451144;5.159250896263141;13.575488465446702;9.785928253307112;2.174373668392796;6.830773105932385;7.069081313973772;6.632981686020874;0.191716991710876;145.27373302238388;0.5543369352600036;0.2165797301651942;-45.57831875038758
ПРОБА 152;166.8575132449505;2.75241579926362;4.861963479929011;3.723670878531218;4.960617704743009;12.4466136377785;5.026756393716594;2.098224393091145;6.714130845105511;5.425842152476722;4.499700561150056;0.191716991710876;146.92202952630117;0.4324504843104555;0.8127413449114508;3.55091603775162
ПРОБА 153;-49.27595472717161;2.51;4.8296829362493785;3.5;4.453232081016064;4.143443746042173;0.0;1.97446633364111;0.0;0.0;0.0;0.0327950509149222;140.98103588946864;0.348863075347693;0.128034046501748;-271.1411813502253
ПРОБА 154;43.02505775283362;2.770572954653708;4.760755874069139;3.5;4.871798561851902;5.747040199548176;1.431309577508574;1.97446633364111;1.5974701987323958;0.2005109150418243;0.3763859151396723;0.0327950509149222;142.91458879190458;0.348863075347693;0.311922254620031;47.45259923181112
ПРОБА 155;109.658619425293;2.8480966194988317;5.209783700191935;3.561854628209016;4.829869474266415;9.549867269944915;6.480717353022546;1.9822974080111864;2.573772602409851;4.473588667759676;2.7783097890930546;0.191716991710876;146.01199580341452;0.348863075347693;0.128034046501748;186.35474225765188
ПРОБА 156;-37.51028730977731;2.51;4.669014796763267;3.5;4.401780870799938;3.512409562606609;0.0;1.97446633364111;0.0;0.0;0.0;0.0327950509149222;134.22932755437944;0.348863075347693;0.128034046501748;360.9679323634691
ПРОБА 157;284.20354748923137;3.2456254716313917;5.257934048093151;3.942732069779505;4.894797118438135;16.21245776061641;12.768652849320976;2.3301293256314253;11.022689194250134;11.133570181039;6.71;0.191716991710876;143.56207357538398;1.092897360197993;0.128034046501748;-228.41716640335108
ПРОБА 158;33.840584918274146;2.750571270682431;4.8279343487296;3.5;4.607622669047355;6.56167485479478;0.8466561868952325;1.97446633364111;0.4820410723831277;0.0;0.2035561698794797;0.0327950509149222;140.60172824012747;0.348863075347693;0.128034046501748;132.19821037297618
ПРОБА 159;64.51671869086141;2.906753942001512;5.0351052139577;3.5;4.869297920196469;9.558803768159349;2.0943265816544274;1.97446633364111;2.640248228641566;1.153610610523667;0.9251655647459014;0.0327950509149222;141.6476565118972;0.348863075347693;0.128034046501748;107.61729810018916
ПРОБА 160;79.26673353245593;2.843878811659097;4.911078650102243;3.519423453346947;5.153715374501713;7.788031934895491;4.251676767311444;1.97446633364111;3.472816676810005;0.7319004982985156;1.555397728289985;0.0327950509149222;139.45948415151173;0.348863075347693;0.128034046501748;125.74022467258204
ПРОБА 161;139.9856594424469;3.0901653543195677;4.990549950696296;3.7017539877892793;4.904152728809965;12.050898441579854;6.29089441792382;2.037846901760645;5.337861519047055;4.687643807335893;3.887669628167453;0.191716991710876;145.26717106692865;0.4643329778963311;0.128034046501748;-202.11834577856868
ПРОБА 162;129.61869111516444;2.9298761061298637;5.016237688762876;3.6004155950493377;4.744902010386013;8.98507158228127;6.3666801727612015;2.017834621008321;5.545074439272929;5.263067310823609;3.4431328082759314;0.191716991710876;148.44040991709258;0.348863075347693;0.1553351282612728;56.86836194057827
ПРОБА 163;524.0925203444168;3.704720834698596;5.637972505767534;4.395790744159865;5.463565045239562;20.0;20.0;2.819202055594551;20.0;19.51953834324632;6.71;0.191716991710876;161.73311713089043;1.8109677601135676;0.995763240652837;-216.3681542393411
ПРОБА 164;-182.160397813403;2.51;4.485534860394094;3.5;4.341993326442716;0.0;0.0;1.97446633364111;0.0;0.0;0.0;0.0327950509149222;141.7191875602636;0.348863075347693;0.128034046501748;-271.15
ПРОБА 165;31.34693045183548;2.6205317056638298;4.57224719802626;3.5;4.38098234906764;7.323293258723194;2.045190012269025;1.97446633364111;0.149397664494034;0.0;0.0;0.0327950509149222;133.88351803767833;0.348863075347693;0.128034046501748;-73.98553722411643
ПРОБА 166;35.19523632785774;3.0619529700159096;4.789166444013844;3.5;4.7764349540793685;7.602229742197663;2.8187705514897323;1.97446633364111;0.8283917485733489;0.0;0.0;0.0327950509149222;134.79169205267965;0.4918200196905427;0.2242415311240617;82.6932040098659
ПРОБА 167;39.14889274914344;2.790933846958663;4.984620211871166;3.5;4.82912615648566;7.84249665445616;3.006157701200705;1.97446633364111;1.3629255159131926;0.0;0.1913279558726294;0.0327950509149222;139.47100444210315;0.348863075347693;0.2203591879006673;117.09398558901164
ПРОБА 168;127.1912744434478;2.967655754344446;5.089592470973999;3.652576274853068;4.941321034241735;10.22211961477997;4.100972692636639;2.0218187037812467;5.508373162445828;2.8079667003095823;3.400320933441559;0.191716991710876;144.0440826455603;0.348863075347693;0.128034046501748;260.3543273242375
ПРОБА 169;233.3646709441761;3.196499746316015;5.34670586250882;3.792557930856564;5.043797688776978;14.355428754392976;7.720511991716686;2.2278158518734443;8.54103937483297;8.194566593166677;6.71;0.191716991710876;145.56499028931884;0.736821886927612;0.4753970617710681;65.5946667235275
ПРОБА 170;-50.01283610758159;2.784353369541336;4.677822941782911;3.5;4.608463564192263;4.340656146244388;0.0;1.97446633364111;0.0;0.0;0.0;0.0327950509149222;135.4227824626452;0.348863075347693;0.4127597749664963;312.52638258071204
ПРОБА 171;-33.41569265701651;2.6935180719950966;4.903438959219631;3.5;4.575662468788291;3.9552616781282217;0.4842910962717728;1.97446633364111;0.0;0.1057768642393397;0.0;0.0327950509149222;137.21692218798805;0.4484415968906136;0.3028022135054409;266.49932996535483
ПРОБА 172;-34.520211380021465;2.51;4.863043433400004;3.5;4.414485510666642;2.826698930751716;0.0;1.97446633364111;0.0;0.0;0.0;0.0327950509149222;141.29737071066867;0.348863075347693;0.128034046501748;102.52826382172036
ПРОБА 173;37.58440911454625;2.905383159492236;4.932677356054443;3.5;4.998974559165244;5.853282859868866;0.2767346673267181;1.97446633364111;1.9330891158964203;1.5718702305177872;0.0;0.0327950509149222;133.9932473758488;0.348863075347693;0.128034046501748;126.36851660822492
ПРОБА 174;-52.577619845662014;2.525587118989015;4.827372208603458;3.5;4.449800141162249;2.460636629462405;0.0;1.97446633364111;0.0;0.0;0.0;0.0327950509149222;150.46890640876376;0.348863075347693;0.128034046501748;165.96501656483792
ПРОБА 175;126.0382150339205;2.934054425064536;5.157002331959153;3.662994788017509;4.995876617331535;11.02188305470108;6.605560536997846;2.019039226242441;3.345249982572557;3.5234746639009416;3.828709300575472;0.191716991710876;143.69985927290523;0.348863075347693;0.441261678059644;111.12138821633329
ПРОБА 176;129.7300102720007;2.7828992639170447;4.978961854377532;3.694303001989564;4.468203805130804;10.81481985624109;7.61998864260484;2.0306785050270557;3.307208722727705;4.254988571896678;3.968211256959613;0.191716991710876;149.18857171652212;0.8621013480362192;0.2895163672885025;256.52424170523886
ПРОБА 177;68.13360318218031;2.8661640892361864;4.714827857289216;3.5051276515435803;4.963937756168501;8.899023190645478;3.87483540867916;1.97446633364111;0.0;1.4204543202576692;1.1879392803248914;0.0327950509149222;138.82427102048126;0.5397299726388972;0.4197363901408846;-271.15
ПРОБА 178;-51.34715763700987;2.51;4.750797013999877;3.5;4.757185288893957;3.002054757473569;0.0;1.97446633364111;0.0;0.0;0.0;0.0327950509149222;141.2679565753013;0.7585567258562564;0.128034046501748;290.2672764078932
ПРОБА 179;-271.15;2.51;4.330783803134652;3.5;4.076558836282047;0.0;0.0;1.97446633364111;0.0;0.0;0.0;0.0327950509149222;132.19726486543243;0.5550969855127417;0.128034046501748;114.56123765222075
ПРОБА 180;119.81895028175607;2.8768751797169587;5.197554683846026;3.585255855233296;4.947093725820421;10.901542114528077;5.437403012231395;1.9990849303533036;4.108067654178166;2.027842060761889;3.376974735625938;0.191716991710876;147.87795661730962;0.348863075347693;0.2110461071318665;102.7019724646949
ПРОБА 181;135.103450010865;3.1600606990641427;4.91228173265726;3.678514012366157;4.977619869879331;10.57798517000486;5.738067005839841;2.0364628502885407;5.20212179166695;2.493706507203016;4.32742970499897;0.191716991710876;142.82484065831477;0.4372370965059879;0.6442842715253632;47.66178776744249
ПРОБА 182;-36.755018567512906;2.8228901321608797;4.573222687457704;3.5;4.432685391888487;4.469768204147393;0.0;1.97446633364111;0.0;0.0;0.0;0.0327950509149222;146.80879074224524;0.348863075347693;0.350826310634433;228.815427699777
ПРОБА 183;76.08426757206661;2.8272120027206884;5.011821224640515;3.537730831264066;4.857673198243558;7.8646384711065105;5.725320063036448;1.97446633364111;3.9712505444408537;1.3998643220874485;1.190775076610601;0.0327950509149222;134.30000616732804;0.348863075347693;0.128034046501748;88.0917604421063
ПРОБА 184;24.90483355297755;2.72685024120905;4.826704376006438;3.5;4.528225740340637;6.116333204844527;3.4145554534817304;1.97446633364111;0.5272491166834601;0.0;0.0;0.0327950509149222;145.51391537653552;0.348863075347693;0.128034046501748;116.09465613483218
ПРОБА 185;-13.73554274395326;2.599549526303768;4.466649294861514;3.5;4.484423806739835;4.552034105534038;1.2198206830877951;1.97446633364111;0.4043578891017645;0.0;0.0;0.0327950509149222;140.01697868166673;0.348863075347693;0.7893663487518398;177.6713757703772
ПРОБА 186;224.73752263424268;3.2456737501156434;5.295914298783602;3.8083473018932903;5.25209969869488;13.276854969071168;8.701844216851077;2.209908775038978;8.681821273094315;8.417626867575832;6.71;0.191716991710876;141.23344585323773;0.348863075347693;0.515448418411036;2.3728847169342657
ПРОБА 187;-52.72729351833476;2.526657333186814;4.393861073374306;3.5;4.671662253093949;3.861074449342688;0.0;1.97446633364111;0.0;0.0;0.0;0.0327950509149222;148.42106954451003;0.348863075347693;0.128034046501748;-38.270066853115935
ПРОБА 188;2.0741638678259164;2.6256921259747465;4.644830746398806;3.5;4.499692108069591;5.09675792380081;1.355786673501436;1.97446633364111;0.0;0.0;0.0;0.0327950509149222;149.52531862014789;0.348863075347693;0.128034046501748;56.32682680885358
ПРОБА 189;123.47165081847976;3.028572016579525;5.245565213571081;3.62679649434306;4.7379309410388695;10.434553860757376;6.014605366233741;2.0167951953320378;3.0585232294646723;4.798352697678638;3.080383876457378;0.191716991710876;132.68335536976954;0.74073626139246;0.6135434932327402;180.60219092917168
ПРОБА 190;-32.81615327712788;2.5425366647508394;5.006729571717441;3.5;4.440091939472419;4.651294237111292;0.5702128452491597;1.97446633364111;0.0;0.0;0.0;0.0327950509149222;139.74777735609393;0.348863075347693;0.128034046501748;309.22862486772124
ПРОБА 191;133.73834950518;2.9328839224950847;4.866021812920234;3.664562542549501;5.0040555033316645;11.279258865527645;6.6180988323589744;2.03086965729812;4.591711001423268;4.477284344820551;3.254029769640086;0.191716991710876;147.50624595521626;1.5943398461820888;0.128034046501748;161.14732228042112
ПРОБА 192;82.8357764943849;2.6545699733314745;4.9023262697387135;3.524826135616034;4.612035779141364;9.46200987803868;4.686639005370228;1.97446633364111;3.717209788444495;2.9202882804099835;1.8461210282395597;0.0327950509149222;144.60076557921334;0.348863075347693;0.8992958758537666;38.75690987687364
ПРОБА 193;78.68282076000133;2.90761585897769;4.951992549363189;3.558594696534945;4.83097668549686;8.532021055181128;4.417412823062761;1.97446633364111;4.468276370856534;3.022466536504362;1.5725094729180285;0.0327950509149222;150.08375442760598;0.348863075347693;0.128034046501748;254.83038136404048
ПРОБА 194;-271.15;2.51;4.5232594275448825;3.5;4.196658517719579;0.0;0.0;1.97446633364111;0.0;0.0;0.0;0.0327950509149222;138.5031197180024;0.348863075347693;0.128034046501748;223.16900246525063
ПРОБА 195;40.121636659022215;2.832441481544717;4.79142276027883;3.5272991931735387;4.6793238373322845;7.008340964744988;0.4544480459372022;1.97446633364111;1.597886643911305;0.8521583527640098;0.0;0.0327950509149222;142.39755666113473;0.9398631865525392;0.128034046501748;183.4642583707549
ПРОБА 196;218.858785057944;3.274601928744317;5.151388041189957;3.8115135345465943;5.220764916279098;12.550210677650227;9.471166189018817;2.198005951872671;7.314001172450722;7.985892158683141;6.71;0.191716991710876;158.26601849031408;1.0489583514615304;0.5817606471335572;106.75223345532304
ПРОБА 197;142.49463740209637;2.857960329578454;5.314317238994743;3.6567697293902377;4.847878998352987;9.735866732951264;5.776787246525227;2.046358880917246;5.774676293837555;4.852639778720855;4.5290212439201145;0.191716991710876;148.9761911408242;0.5479245518091234;0.4908177590796169;132.6560442582561
ПРОБА 198;368.5955423701904;3.433939846883076;5.466771339771873;4.139139857625107;5.315231948512234;18.90431579174371;14.097174446458093;2.5022445015662944;14.212928753410386;12.27967772955107;6.71;0.191716991710876;149.03184197615332;0.348863075347693;1.1851096303403277;339.8019249902927
ПРОБА 199;77.26727993472804;2.7164068551321194;5.055062557513484;3.5577160380076487;4.604707493093205;7.576638079078138;5.405701525980442;1.97446633364111;0.8599790808320886;2.4246080635392047;1.664863414533489;0.0327950509149222;139.2427094034343;0.3809495916156556;0.1866183535944476;86.65591449103357
ПРОБА 200;-48.77936959683851;2.54612038799891;4.4602380467397245;3.5;4.686680143471042;3.931793152140395;0.411014266302661;1.97446633364111;0.0;0.0;0.0;0.0327950509149222;144.83850610337743;0.348863075347693;0.128034046501748;-28.02089242167179
ПРОБА 201;127.88772555934742;3.0138040262165355;5.017076579827728;3.62890615286458;4.741244953188068;9.693223676304331;7.107923331960006;2.021105818237039;4.110702018855664;2.95410327653934;4.051388420995916;0.191716991710876;139.50486050826623;1.012190489113758;0.128034046501748;101.2659576901965
ПРОБА 202;42.18163414325636;2.76573125674136;4.613727658977403;3.5;4.75681172469212;6.7922965209813615;2.575672491876626;1.97446633364111;0.7535588366471974;1.6240241428288391;0.0921377950724077;0.0327950509149222;138.93485442919044;0.564211798369837;0.128034046501748;120.53614059649556
ПРОБА 203;-31.43127618953781;2.51;4.560650581418749;3.5;4.5390536833156645;5.52517095949505;0.7265677826616406;1.97446633364111;0.0;0.0;0.0;0.0327950509149222;137.6150862050537;0.348863075347693;0.128034046501748;-166.08216505939322
ПРОБА 204;-152.55992731325517;2.51;4.613640587881473;3.5;4.132400659240621;0.0;0.0;1.97446633364111;0.0;0.0;0.0;0.0327950509149222;137.08952881371027;0.348863075347693;0.128034046501748;151.73037554440015
ПРОБА 205;135.90555421527813;2.783596736453934;5.052019082982965;3.6570567454077114;4.783648008778484;11.65693144636871;6.272213154799402;2.0401920707369032;5.464306318596541;3.7977414942143306;4.398181531649367;0.191716991710876;142.87599872918082;0.348863075347693;0.6387996262648776;123.92741922606808
ПРОБА 206;234.2963994468771;3.1945160125344203;5.206850385654337;3.876121948339676;5.314085575871411;13.921432007155705;8.911578316703597;2.2231697892162505;8.782805346229177;6.852800845888813;6.71;0.191716991710876;139.9606742404701;0.897022933132036;0.7087324612108001;-271.15
ПРОБА 207;197.40040444278344;3.3005360224342604;5.066105557145296;3.762978986239293;5.042440124215177;13.173772329134206;8.926201191500676;2.158350283993279;7.824871889284317;6.288772689931492;6.150184514977831;0.191716991710876;151.79954551321396;1.0455825789747124;0.336815036591241;351.6613862686887
ПРОБА 208;143.2244628650235;3.111973443580656;5.040048252313368;3.62419477498638;4.731277920489435;10.262150168980856;6.422558152315855;2.057361250906608;5.691094077820281;4.464203521132012;4.072951872526635;0.191716991710876;141.9940231625257;0.8933153269491239;0.128034046501748;340.8961199677003
ПРОБА 209;21.59611617668412;2.51;4.878100598889981;3.5;4.708196397422609;6.008005280457299;0.1943862395233973;1.97446633364111;1.7847000118860292;0.0;0.0;0.0327950509149222;151.00518990689562;0.348863075347693;0.128034046501748;120.32167954817362
ПРОБА 210;158.1794364346539;3.148586445690788;5.257514879706354;3.668437715860685;4.905746449515556;12.650679304134048;6.909174054860056;2.079355637377081;5.584585015812275;6.094051645433355;4.745068469635486;0.191716991710876;146.1419204252628;0.5812573470866197;0.2162243068412109;226.948604083
ПРОБА 211;75.12764887448628;2.927059218851695;4.529154837473976;3.501012523437564;5.342669747063208;6.7609792410776;3.55857010041314;1.97446633364111;1.128441847424217;1.2770292392665032;1.3256952536212838;0.0327950509149222;148.68034624417464;0.7174657138959983;0.1791899334398304;72.17256787431842
ПРОБА 212;231.2976283652053;2.9556115909038696;5.120964038404544;3.841836881098819;5.124215177093576;15.169522487444569;11.68266001054335;2.2337174315443638;9.919321260470692;8.237133315701634;6.71;0.191716991710876;150.04240880020993;0.348863075347693;1.6663102450407974;-271.15
ПРОБА 213;201.65544558852292;3.0383637470774665;5.21608828691492;3.7571238635096;4.953417906231764;13.787147135163693;9.593624861344823;2.165880247147698;7.334923360734161;5.71078438339681;6.481094114139951;0.191716991710876;152.72604938187715;0.5371766582447277;0.128034046501748;-271.15
ПРОБА 214;-251.4536705899295;2.51;4.269671387912773;3.5;4.348809011987815;0.0;0.0;1.97446633364111;0.0;0.0;0.0;0.0327950509149222;135.24381761246048;0.348863075347693;0.128034046501748;45.46889293883663
ПРОБА 215;354.02731402573875;3.440722432415795;5.558898990508647;4.072065774258566;5.013542746968261;18.19822841593159;15.04307358012113;2.4778121494846403;14.144663383502516;12.797394820505684;6.71;0.191716991710876;151.65796845784593;0.7179152190559899;1.2477129448051616;-20.193956991582525
ПРОБА 216;138.0378228817287;2.7961024996825814;5.105752238348267;3.6482881750373775;4.905735948895626;11.076836132273517;6.1989190026638425;2.04236905684232;4.9905690943563;3.404893286275128;4.5736809458220415;0.191716991710876;149.65915197245744;0.348863075347693;0.2494732165548585;87.17930866966753
ПРОБА 217;112.81961367840506;2.9652034504244127;4.966115550037093;3.641197352848184;5.1735676771542245;9.466485547362897;4.943064271631152;1.9842471027999613;4.461754150472996;2.910148894251847;3.0858589227461155;0.191716991710876;156.17556719661195;0.348863075347693;1.5059789534060466;238.28463600158327
ПРОБА 218;38.7587407692597;2.51;4.783401089827273;3.5;4.671915778346595;7.26621955141559;1.1011161426725982;1.97446633364111;3.101555900187185;0.0;0.3266166123860751;0.0327950509149222;139.56294970450432;0.348863075347693;0.128034046501748;78.77131553873409
ПРОБА 219;36.24097961328539;2.71672637101792;4.822209541739544;3.5;4.396015711186353;6.954685039345357;1.9317810162149835;1.97446633364111;3.1268134228756663;0.0;0.0;0.0327950509149222;145.04746908221966;0.348863075347693;0.1778008329079015;219.8979874011991
ПРОБА 220;330.63278504665743;3.461117878397422;5.6282628176041145;4.032973631422766;5.208810987992875;20.0;13.112406854504282;2.421130983923635;12.894886246289571;13.629846353424478;6.71;0.191716991710876;149.70067753043188;0.559888708762717;0.128034046501748;281.4157373374892
ПРОБА 221;144.33492503651382;2.9604978568285785;4.962583511858642;3.6610612482544345;5.1461632988720005;11.017235083278026;5.156275171827904;2.04106965261806;5.533781304068127;4.308144708443171;4.380822058658579;0.191716991710876;146.78180159184245;0.348863075347693;0.128034046501748;100.11206293979222
ПРОБА 222;-271.15;2.51;4.2358975169734885;3.5;4.134553334322064;0.0;0.0;1.97446633364111;0.0;0.0;0.0;0.0327950509149222;131.89473779561536;0.348863075347693;0.128034046501748;209.7957941218736
ПРОБА 223;148.08774672057234;3.06759867332182;5.112731219785987;3.693580833539276;4.769528772036133;11.585979213069706;6.9479682380466254;2.051760449241156;4.678042545346044;2.459252620503249;4.390209634534546;0.191716991710876;132.9838528959215;0.6207359568195333;0.7062052446229165;155.0690221889796
ПРОБА 224;610.3614138551937;4.001912310776377;6.251862412279245;4.581450951964302;5.719806334446236;20.0;20.0;2.9917902555838407;20.0;20.0;6.71;0.191716991710876;157.07453864612424;1.2290327497223237;1.3231274899908472;-0.0012489493090015
ПРОБА 225;115.5935311879565;3.0507174101159964;4.972373923464176;3.615126882055968;4.7512989438966535;11.466122532049194;5.1342503193136295;1.9950570196703636;4.198072108854901;2.9938615323524047;2.620568274918688;0.191716991710876;148.4966257646959;0.348863075347693;0.8820907365576777;169.92249072247813
ПРОБА 226;109.96339263108324;2.989634246578172;5.157325720487296;3.55302008103206;4.894289107779546;10.716840660448408;6.02743080043375;1.9783869290840836;4.312637625991381;2.3458767383571844;2.372925151600343;0.191716991710876;139.1120301691344;0.3962448389006742;0.128034046501748;209.1751245232132
ПРОБА 227;126.87337204997982;3.047128786080758;5.233715099105513;3.641994860757559;5.091756273305518;10.9149996504392;6.767352330186011;2.013239601132282;3.841759785340284;5.089836184667488;2.935091372398528;0.191716991710876;148.42452201061064;0.348863075347693;0.128034046501748;291.69650570915
ПРОБА 228;196.7337248876665;3.1470016544123847;5.171517308144378;3.79524862831435;5.183609981357528;14.815845596016722;9.528379547682396;2.1470064809415983;5.879975211488189;6.337604929400939;6.359275042891656;0.191716991710876;146.66991309615898;0.7326702771964315;1.8874488200696544;-271.15
ПРОБА 229;259.6987817509349;3.2194859056312817;5.274545420592496;3.895554668022104;5.209641280943483;14.682381925005044;11.060058186229352;2.276886273173602;7.915161543336604;10.309589228646146;6.71;0.191716991710876;146.60007169255866;0.6563718931821184;0.6656478453831659;-271.15
ПРОБА 230;10.267184481983575;2.700494498882162;4.757241736399875;3.5;4.4113455485926725;5.254129555820093;0.198835760600689;1.97446633364111;0.0;0.0;0.0;0.0327950509149222;144.84732109214116;0.348863075347693;0.128034046501748;112.950788051715
ПРОБА 231;131.74068572399432;2.906074820194992;5.011600497691941;3.6248580539083743;4.654914352292422;9.826245196844743;4.819122310892209;2.037626321281085;4.411145853310937;3.940048974671847;2.9644519871634207;0.191716991710876;147.31769142394035;0.8074960126850814;0.128034046501748;94.76828471292556
ПРОБА 232;71.92199516252589;2.6749317499181884;5.0649479332616965;3.5322329025153407;4.847025380816691;7.970263712635766;3.85467842054189;1.97446633364111;2.183881929142771;1.421277068079032;1.2660733813492917;0.0327950509149222;144.16286516683874;0.348863075347693;0.128034046501748;98.76524172886928
ПРОБА 233;-72.45407947767046;2.51;4.679075793830398;3.5;4.243587109079233;1.2083443826273692;0.0;1.97446633364111;0.0;0.0;0.0;0.0327950509149222;142.94055269392794;0.348863075347693;0.3177911349108501;-271.15
ПРОБА 234;226.4866330226021;3.0904489147785443;5.27762414372093;3.833550237570964;5.029052466954547;15.177809977008986;10.979990141799645;2.21379948827257;9.76565240010188;9.41145403324444;6.71;0.191716991710876;147.6642738777391;0.706122262572849;0.1565738814226153;-229.31141624878924
ПРОБА 235;282.8187176350731;3.2629725808557515;5.178275002899377;3.945869599005515;5.230444311944665;16.57371971759465;13.045922065035503;2.323840975307899;9.950851298351791;7.626331687942201;6.71;0.191716991710876;139.70510012597055;0.6998367198006222;0.5561668104280826;916.9840841547236
ПРОБА 236;186.48000704242548;3.207444514930917;5.010177708357298;3.758636209323926;4.796274696799935;11.47158769648486;7.960165334456345;2.146244862687184;7.407102443438474;4.090848246548839;5.781321655315487;0.191716991710876;143.42891360861938;0.5822304707118177;0.2521166147037437;-235.038162438482
ПРОБА 237;239.4971581275945;3.143939306532449;5.600999677779689;3.882885215884027;4.921292052188414;14.047500953186736;8.968874155533408;2.241036591851502;8.773001798043952;7.669909203338164;6.71;0.191716991710876;137.57130033122576;0.420529498272383;0.822031792858535;-240.8075091877593
ПРОБА 238;147.3079745356622;3.0790901355582405;5.054889671543925;3.711532011763611;4.892712347694549;11.68902653816718;6.206406093706087;2.068180117327272;5.20814885267689;4.540040572654553;4.496480424238752;0.191716991710876;147.66112107057492;0.7131347086509543;0.128034046501748;165.4426954629804
ПРОБА 239;-271.15;2.51;4.124949595352461;3.5;4.155923100098613;0.0;0.0;1.97446633364111;0.0;0.0;0.0;0.0327950509149222;136.35459259971648;0.348863075347693;0.128034046501748;123.0088742810318
ПРОБА 240;-271.15;2.51;4.468697851301087;3.5;4.249366070982639;0.0;0.0;1.97446633364111;0.0;0.0;0.0;0.0327950509149222;136.59220887687886;0.348863075347693;0.128034046501748;26.540980954528266
ПРОБА 241;328.8934538222661;3.3955155575531286;5.489686971144474;4.02357609459915;5.3733300349069335;20.0;13.211037754103485;2.417443164771371;12.416673378297128;11.404685949300571;6.71;0.191716991710876;152.22996875214758;0.6845575758734447;0.9246586771864168;185.9170230790346
ПРОБА 242;41.29775566225362;2.7244721643699066;4.960676217199317;3.5;4.708794667924034;7.549513369056639;2.5379887507505408;1.97446633364111;2.315955468515001;1.3041476290224046;0.3659919331890908;0.0327950509149222;146.1025790370188;0.348863075347693;0.1928409045197552;92.43012454668911
ПРОБА 243;233.45661082999675;3.2878267951128346;5.23338578375871;3.831221721054657;4.955787277377523;13.831920022458505;9.467500401079755;2.2295000089451;7.796519916347965;9.0016535456431;6.71;0.191716991710876;138.57966439649954;0.9298421908419592;0.128034046501748;-242.80359530829708
ПРОБА 244;5.962397383238283;2.7543593901439967;4.750249802815013;3.5;4.446409549900854;3.58964332388872;0.2436235208946546;1.97446633364111;0.0;0.0;0.0;0.0327950509149222;139.42623428232525;0.6664517753973964;0.3234490099273393;214.7473530490417
ПРОБА 245;224.8981131991081;2.983386528372862;5.21135391468081;3.887190166905409;4.978085991041418;14.746829699598658;9.940571071558262;2.2277634409808416;11.193791963850654;8.591775809741664;6.71;0.191716991710876;139.167250505513;0.859933116146022;0.128034046501748;-271.15
ПРОБА 246;87.71324100645444;2.863621751241782;4.747934681804794;3.55546781531552;4.8579523694354885;8.17878225423835;3.739730769419469;1.97446633364111;3.3318030921739505;2.414368612980804;2.071890804433656;0.0327950509149222;140.56926177617402;0.348863075347693;0.128034046501748;104.01226075717516
ПРОБА 247;83.3092104813777;3.024808057157057;4.940901297658242;3.5;4.83686456876117;8.40020486836592;4.209666517523957;1.97446633364111;4.365776635151779;1.404079101762722;1.845529721728168;0.0327950509149222;150.74852311182968;0.5891346462157196;0.128034046501748;75.08003572977628
ПРОБА 248;623.989813680397;3.896980072467007;6.082096346530023;4.617547550876802;5.51010772169017;20.0;20.0;3.014048185178768;20.0;20.0;6.71;0.191716991710876;164.23772783518436;1.749564827663276;1.923415564108028;11.559763052816663
ПРОБА 249;-42.56740849305655;2.635786915914255;4.991213934951293;3.5;4.397125957717415;3.639706483151851;0.0;1.97446633364111;0.0;0.0;0.0;0.0327950509149222;141.99055514502984;0.7121245101127627;0.2006785870206509;23.589842667510027
ПРОБА 250;199.7354692344828;3.131617906500682;5.200857357429033;3.796111840468233;5.215087630301332;14.538592709457452;8.141371354804395;2.163007860463507;7.532829284277118;6.6239523254242965;6.233750257450516;0.191716991710876;144.85271562751848;0.348863075347693;0.6686965886515258;-239.666475123226
ПРОБА 251;-66.9500429050112;2.51;4.29034222310896;3.5;4.493230111635505;2.9622405605353945;0.0;1.97446633364111;0.0;0.0;0.0;0.0327950509149222;132.61197042517065;0.348863075347693;0.510057971794051;85.27745075531078
ПРОБА 252;-271.15;2.51;4.231038834721152;3.5;3.834212683993584;0.0;0.0;1.97446633364111;0.0;0.0;0.0;0.0327950509149222;132.65125306287;0.348863075347693;1.0150865882412723;-175.7760874036244
ПРОБА 253;229.62768567220576;2.9695920190009963;5.674146330083877;3.8542090927690382;5.467717096200436;13.632647383352916;7.701646687208198;2.224798385430918;9.21560249513628;6.400616966019159;6.71;0.191716991710876;152.49792966854267;0.6207771683092419;0.128034046501748;-241.5938293683361
ПРОБА 254;23.34711163480432;2.644877398324542;4.969687859551533;3.5;4.65570816004522;4.742395229978313;0.0;1.97446633364111;0.0;0.0;0.0;0.0327950509149222;142.6498701317315;0.348863075347693;0.128034046501748;102.86742352492524
ПРОБА 255;228.50648371246348;3.249748711322283;5.118634338344843;3.86266091113484;5.135250582548257;14.137145148715708;9.802563004365709;2.222849991050122;9.406038294102466;7.410192410220231;6.71;0.191716991710876;138.3837053691597;0.7697859045214236;0.128034046501748;-271.15
ПРОБА 256;-205.0475767074545;2.51;4.470003843080607;3.5;4.270686920160985;0.0;0.0;1.97446633364111;0.0;0.0;0.0;0.0327950509149222;134.20394035776548;0.348863075347693;0.128034046501748;-271.15
ПРОБА 257;47.05121385549506;2.729009348517859;4.766456900329094;3.5;4.6463918640674935;9.133172177090184;2.397631408085178;1.97446633364111;1.8487736707475293;0.0;0.0;0.0327950509149222;131.2291051017692;0.348863075347693;0.128034046501748;84.78425513711579
ПРОБА 258;139.37652393587763;2.999531382257594;4.855769607405792;3.6840527472790185;4.770746133105007;11.188529188198489;7.422444495654103;2.042095540044877;4.88900593316991;3.2230966344147767;3.8382627225481754;0.191716991710876;148.1898752137631;0.5089442321498984;0.128034046501748;72.81416815813844
ПРОБА 259;215.0491021551307;3.092951121095161;5.16379554320304;3.805590047133188;5.399340441247141;15.067897306518782;6.562323362392787;2.18722543165648;8.656123374804421;6.374316116972155;6.71;0.191716991710876;142.64162831212033;0.4577676226490765;0.128034046501748;-271.15
ПРОБА 260;-47.672471967357325;2.5758180239443704;4.706902824176763;3.5;4.6865537161645925;3.076999232057053;0.0;1.97446633364111;0.0;0.0;0.0;0.0327950509149222;131.99169579913652;0.6678126239777185;0.128034046501748;65.65814938234752
ПРОБА 261;201.7652648242564;3.148363681357268;4.89977119518273;3.828536191748343;5.155066687772551;12.36886053584373;10.265242504064329;2.1654183929945603;8.606351427725903;8.5055462500079;6.63461657901512;0.191716991710876;150.1333242093471;0.348863075347693;0.3499100854894664;-234.8978040452056
ПРОБА 262;-66.94167477481588;2.51;4.475024225671519;3.5;4.576506767001503;1.8404099560654903;0.0;1.97446633364111;0.0;0.0;0.0;0.0327950509149222;140.72193765667382;0.348863075347693;0.128034046501748;162.6850490741831
ПРОБА 263;-200.13689795087183;2.51;4.389321727357594;3.5;4.045532218151009;0.0;0.0;1.97446633364111;0.0;0.0;0.0;0.0327950509149222;135.0185776630144;0.348863075347693;0.128034046501748;89.54867676323937
ПРОБА 264;-271.15;2.51;4.182077911405143;3.5;4.285547984054831;0.0;0.0;1.97446633364111;0.0;0.0;0.0;0.0327950509149222;143.11981365199486;0.348863075347693;0.128034046501748;-225.45416465427465
ПРОБА 265;-10.755530398481936;2.51;4.827998593620056;3.5;4.451125895924402;4.231585814126833;0.0;1.97446633364111;0.0;0.0;0.0;0.0327950509149222;142.8024246034194;0.348863075347693;0.128034046501748;138.95216159521385
ПРОБА 266;75.33629313402776;2.7151411502750373;4.749371669925893;3.5339855129066624;4.811984801896624;9.335134638387952;3.3203834296285675;1.97446633364111;3.977507664465517;1.5297652482430837;2.1368114413051056;0.0327950509149222;138.70116829621307;0.348863075347693;1.304567475545026;126.44078801375724
ПРОБА 267;248.2085843712016;3.3454694206191355;5.395684792555381;3.914765563147452;4.835681036515423;14.508609906051536;11.989022367823065;2.258228434329165;10.423722066110248;7.563685100894535;6.71;0.191716991710876;149.96665455138867;0.348863075347693;0.5494207920460287;142.48830110744922
ПРОБА 268;-10.564449243802528;2.692589601012439;4.582386873550603;3.5;4.25088892096727;5.99218875241264;2.048002415025916;1.97446633364111;0.0;0.0;0.0;0.0327950509149222;137.99823675368577;0.348863075347693;0.128034046501748;274.8626464076823
ПРОБА 269;-271.15;2.51;4.501677660048703;3.5;4.124875453382732;0.0;0.0;1.97446633364111;0.0;0.0;0.0;0.0327950509149222;138.28967383542442;0.348863075347693;0.128034046501748;223.4265064484976
ПРОБА 270;17.551660836173085;2.528685192002691;4.555715887020146;3.5;4.513440871355534;6.028622245079331;3.240320356801891;1.97446633364111;0.0;0.0;0.0;0.0327950509149222;141.80291293300786;0.348863075347693;0.128034046501748;81.12932286787299
ПРОБА 271;-37.5197070326125;2.581859001204339;4.542689110130115;3.5;4.205636694680816;3.941642901850564;0.0;1.97446633364111;0.0;0.0;0.0;0.0327950509149222;140.6674742619803;0.348863075347693;0.128034046501748;71.63099643508394
ПРОБА 272;341.5870319183624;3.5314235739914466;5.53619924530594;4.060960532680177;5.387587832518695;18.491887290595603;16.050366012726073;2.448058843884853;15.684089998272398;12.662884583808932;6.71;0.191716991710876;142.52455987583167;0.5487396240396405;0.5283147931546919;-271.15
ПРОБА 273;264.64224714465047;3.1776529040102157;5.576612407311104;3.868060643055934;5.498259700378642;16.514955796558596;11.125584945423023;2.295971628712964;10.620767866540165;9.63635555381853;6.71;0.191716991710876;148.06873253065993;0.7644285572489842;0.1721731605526019;-271.15
ПРОБА 274;12.255808925126075;2.843694319333302;4.861590722308444;3.5;4.871124638100747;5.518442585954761;1.2544838923416843;1.97446633364111;0.0;0.0;0.0;0.0327950509149222;139.8829338805918;0.348863075347693;1.1140950309856084;-54.6393601882466
ПРОБА 275;206.1732674184805;3.122315138900293;5.288043458728805;3.812166806286294;4.983107465993295;12.504518642262468;9.245598878672553;2.1731474174045458;8.312204615530023;7.734810136165279;6.71;0.191716991710876;140.6457771994327;0.8341513676511705;0.6488902162482462;-239.442204067896
ПРОБА 276;241.5137495850417;3.206640557078725;5.273745231010889;3.864349056066328;5.098370764980156;13.865806118372548;13.472597372059704;2.2487006671264136;7.699785339697724;7.493531996090318;6.71;0.191716991710876;145.89780171752673;0.8214228238940227;0.8229175649478648;-229.1363412596193
ПРОБА 277;233.586067417737;2.984154312498234;5.095209940399278;3.841083320910337;5.229724609785114;14.999224323722096;10.827921980844769;2.226588178454936;8.646313043302342;8.609494320607284;6.71;0.191716991710876;149.09219070121262;0.348863075347693;0.128034046501748;-243.3047106920427
ПРОБА 278;-161.8465215843124;2.51;4.387911962227494;3.5;4.478125077092057;0.5884241023284378;0.0;1.97446633364111;0.0;0.0;0.0;0.0327950509149222;134.93097376278368;0.348863075347693;0.128034046501748;6.152482229331156
ПРОБА 279;40.86928928878496;2.713162995033904;4.680867545210576;3.5;4.6380580226126;7.277956894415334;3.2369631511177537;1.97446633364111;1.1488646290208475;0.0;0.0;0.0327950509149222;133.66109266124792;0.6609015992247597;0.128034046501748;283.20309658612223
ПРОБА 280;112.1843850623036;2.992789773470198;4.813088031476132;3.635642818936562;4.843955214446808;9.851930785672758;4.7587365746983;1.991775727923806;4.878375233472722;2.8043714072014536;2.8620199940242244;0.191716991710876;141.7478601385882;0.5281483426661794;0.2415316772206302;-74.18332644932926
ПРОБА 281;117.26346144889855;2.8111494857751933;5.085117694155213;3.63090029120463;4.898741579969192;10.459558306848985;4.833981984345231;2.0005206920151517;4.635377393482492;3.689095909310207;3.080529292549239;0.191716991710876;140.88293359891986;0.348863075347693;0.128034046501748;35.408412645186104
ПРОБА 282;-6.837076033810149;2.676296398294868;4.599282177053761;3.5;4.692961808517419;6.515712409644917;1.2683120278302025;1.97446633364111;0.0;0.0;0.0;0.0327950509149222;140.6145102234653;0.4011457036685031;0.128034046501748;186.8331409189401
ПРОБА 283;34.27222710494084;2.778521312562675;4.90632651825436;3.5;4.660115827111329;7.073465294851988;2.035168381259284;1.97446633364111;0.2827105112573718;0.0;0.1860467110826083;0.0327950509149222;141.28390626116786;0.348863075347693;0.128034046501748;130.48488000357378
ПРОБА 284;36.420728586141365;2.724952017774073;4.657958976281249;3.5;4.666588855561603;6.529095621902416;2.368598767247958;1.97446633364111;1.9548382611467003;1.621801743337205;0.3121262578875027;0.0327950509149222;138.75223703499938;0.8081519110122385;0.128034046501748;139.27835012694493
ПРОБА 285;255.05221291676207;3.226089598278088;5.344275677798473;3.9188555398007545;5.355088018005719;16.791570936020868;10.849267447826271;2.275050755522078;11.43121917358497;9.842792996947535;6.71;0.191716991710876;145.10725813121223;1.0809493891132271;0.128034046501748;181.2261578117854
ПРОБА 286;35.48616340865897;2.710233858423747;4.782804191150677;3.5;4.887428721414835;7.33139668409847;2.38922337224229;1.97446633364111;0.0494907259854434;0.0;0.0;0.0327950509149222;141.2247085681699;0.348863075347693;0.128034046501748;256.97612254705734
ПРОБА 287;-66.48137573108482;2.51;4.8742197338618105;3.5;4.560865196526709;4.359694672043096;0.0;1.97446633364111;0.0;0.0;0.0;0.0327950509149222;142.84336438725174;0.348863075347693;0.128034046501748;301.58471071447127
ПРОБА 288;40.74393663429464;2.934802820109886;4.919918965826415;3.5;4.983300319435764;7.29618561188419;0.3259842419568672;1.97446633364111;2.565735510982516;2.19674465985047;0.2692745313269099;0.0327950509149222;142.48647890229557;0.348863075347693;0.128034046501748;83.4784244369713
ПРОБА 289;234.7777480468968;3.259230023368476;5.450116561582135;3.8681180856527937;5.018687507859204;13.64983459944587;10.690876299775905;2.231164969137618;8.799959644471311;9.984788231949398;6.71;0.191716991710876;154.2837691020789;0.8940743488826507;0.7386634005585169;-271.15
ПРОБА 290;293.0182399067233;3.168754607163342;5.256266431167276;3.980886637529989;5.471746209397203;15.835764106313762;11.371903885729129;2.3508582208035125;12.724744697625988;9.12592342473693;6.71;0.191716991710876;154.51722174392015;0.5662513533166086;1.1329267407541634;-238.97710438175395
ПРОБА 291;244.66625284743145;3.224059881807783;5.286066407546334;3.882399856791283;5.194065519425402;16.920771755419004;8.977544687628344;2.250759785255975;8.944308111295571;7.493310712030604;6.71;0.191716991710876;154.96483664043012;0.7262921638440751;0.2337951761088424;-235.0048004637148
ПРОБА 292;236.0639768367177;3.0569256753271548;5.107226769530403;3.84729001561572;5.633886506082713;16.649418503542503;10.017341538900522;2.239453353279396;10.497798359029916;9.560671569493056;6.71;0.191716991710876;154.0380582810536;0.978542206618595;0.128034046501748;-235.3902035598485
ПРОБА 293;239.09530687925985;3.012444056114354;5.201722028094269;3.8805946433690695;4.892311567960789;14.86748677117829;10.280986987775345;2.233244349641393;9.295491801266342;7.138724933623253;6.71;0.191716991710876;155.14375861772987;0.3775187101691412;0.6497751895116723;-241.2977893404568
ПРОБА 294;314.1739030021346;3.416290651206125;5.3754881292899865;4.0102706094182565;5.126744153196199;17.666962508239894;12.5066436648036;2.3886259458009325;12.425378652698576;9.877608696084202;6.71;0.191716991710876;143.21251943974568;0.5046472598273708;0.9009878136018992;-271.15
ПРОБА 295;-66.79173299721114;2.51;4.541288525945253;3.5;4.550426847167504;4.272968681644255;0.0;1.97446633364111;0.0;0.0;0.0;0.0327950509149222;141.1862301491966;0.348863075347693;0.128034046501748;189.5969097204016
ПРОБА 296;85.757071369487;2.947226630065073;4.770083178565608;3.54688885149543;4.85191252355129;7.80643088202649;2.72130139769907;1.97446633364111;2.6687060866258063;2.4837032735445628;1.571372761490875;0.0327950509149222;148.7439384299742;0.348863075347693;0.5489202260039338;209.8312156274173
ПРОБА 297;393.1646227921804;3.427154514676659;5.354041027311911;4.219051797881746;5.726839202372011;20.0;15.952834872205155;2.5481218460746784;14.385656525052754;14.25738191436662;6.71;0.191716991710876;158.90982656030806;0.348863075347693;1.274128244827308;301.5018268533722
ПРОБА 298;275.3873990371929;3.1963085950024173;4.974148948040072;3.8911614006331385;5.052683715560049;17.142016465467258;11.063815535845212;2.3093479125132705;10.167125462749858;8.99812605037262;6.71;0.191716991710876;144.04596537581017;0.9970175595983608;1.2206839179687017;-271.15
ПРОБА 299;-2.370667748577546;2.711839156886415;4.618629571936977;3.5;4.760694193322405;4.993761876487806;0.4917797290080556;1.97446633364111;0.0;0.0;0.0;0.0327950509149222;143.17084378171992;0.8984166314248366;0.9491176000729792;169.69180455907798
ПРОБА 300;-46.39809685969695;2.643389686670778;4.792973169842057;3.5;4.715778036503175;3.622147968182549;0.0;1.97446633364111;0.0;0.0;0.0;0.0327950509149222;138.80985528955642;0.6479408607963765;0.128034046501748;295.3708968232576
ПРОБА 301;97.39812669279928;2.7700267861687102;4.733681796810283;3.575178117703848;4.926686442220891;9.215675878477956;3.5212258273789234;1.97446633364111;4.13358967965359;1.649609148343526;2.3139053156644103;0.0327950509149222;152.37648641529938;0.348863075347693;0.128034046501748;180.48831389996428
ПРОБА 302;15.826539856924684;2.783451082658094;4.606438834169464;3.5;4.484547869379861;6.453829852366418;1.9905379810237125;1.97446633364111;0.0;1.5478881808435463;0.0;0.0327950509149222;133.0393593933061;0.4757896602469779;0.128034046501748;242.56221380354248
ПРОБА 303;-21.19650892599941;2.6402957284881587;5.024673574161886;3.5;4.807268258966414;6.042815213564238;0.0;1.97446633364111;0.0;0.0;0.0;0.0327950509149222;135.1559116700177;0.6969795000751438;0.128034046501748;102.66256700915102
ПРОБА 304;281.37917507202815;3.0888504678180047;5.251555947039458;3.955366167851532;5.382531953077723;16.82894561907337;9.99641445885971;2.3296874248460173;8.461100407271152;10.775119766576362;6.71;0.191716991710876;138.79522008356162;0.5065449392328629;0.128034046501748;-241.04975765483547
ПРОБА 305;-27.380865753503883;2.595537358771441;4.783252836251267;3.5;4.659530352496215;5.0318978724272;0.0;1.97446633364111;0.0;0.0;0.0;0.0327950509149222;139.7428522323166;0.348863075347693;0.128034046501748;138.02429415411154
ПРОБА 306;385.01731868045056;3.5977113494995097;5.658113957353983;4.101466237866457;5.418124551906735;18.833714355477497;16.021567163579206;2.5382954369401323;13.31441830527442;13.847929779322472;6.71;0.191716991710876;163.18151252547983;0.348863075347693;0.7403265631341875;-1.916702066009464
ПРОБА 307;178.24079930542956;3.217928283392303;5.247710151831864;3.7601662048033546;5.008216367231626;12.56410727957756;7.541858363721325;2.120170322691084;5.903596215143728;5.049271700137325;5.7155189866923015;0.191716991710876;144.92475266628682;0.6066379421102748;0.128034046501748;42.724131508184655
ПРОБА 308;218.822113373936;3.1893991016763668;4.988401823808204;3.855968334024128;5.03831765848611;13.392847973955067;9.282658130673305;2.216836541238391;8.600744145356881;4.734369909328735;6.680330201293947;0.191716991710876;146.90134875108362;0.348863075347693;0.4040349107489513;-238.7692196796924
ПРОБА 309;68.86935052533471;2.671345042792982;4.889716798929753;3.5574179490937703;4.858931887976321;7.019154669880258;3.359985273773668;1.97446633364111;2.175741104854131;0.0099584534560197;0.9649508150424344;0.0327950509149222;144.748543661877;0.3594825336098724;0.128034046501748;-51.271063892472455
ПРОБА 310;787.0763260311306;4.299979159584042;6.109963800559067;4.966020891576313;6.19322941686888;20.0;20.0;3.33876305928993;20.0;20.0;6.71;0.191716991710876;162.81409717136737;1.0503082616403956;0.8487188591883438;-35.63901529892152
ПРОБА 311;-34.133533800424146;2.698755232645514;5.1009356967427655;3.5;4.40346667596592;3.78372891657272;0.2155019671218317;1.97446633364111;0.0;0.0;0.0;0.0327950509149222;140.6964870935955;0.348863075347693;0.128034046501748;156.48218140618252
ПРОБА 312;-0.3867619271400713;2.7519372801883546;4.538676645500043;3.5;4.437449052575433;6.383625774560908;0.0;1.97446633364111;0.0;0.0;0.0;0.0327950509149222;141.84563328583985;0.5702466690316774;0.128034046501748;78.50048664665076
ПРОБА 313;284.9311713867803;3.329348084793787;5.194558806663101;3.994268496027016;5.057757947225136;15.554047847022144;10.858468971860914;2.339979996763696;9.988904522818602;11.35539624414334;6.71;0.191716991710876;143.94147086136152;0.3754547607520264;0.8240854614618771;15.020893338903647
ПРОБА 314;299.2203736596442;3.309705224370313;5.224265345436575;4.009353682320271;5.249509574884656;17.482640148270683;11.508684797788884;2.369974439503055;12.275858296575318;10.557572487971912;6.71;0.191716991710876;148.29457691954542;0.348863075347693;1.7900997852390337;98.31665150991712
ПРОБА 315;71.35684187078402;2.804157772543117;4.69746899078234;3.5026078450785865;4.752060258077005;7.85329795078828;3.776384051290565;1.97446633364111;3.1171333545073425;2.7780311464430323;1.5663167927719823;0.0327950509149222;145.8242067832465;0.348863075347693;0.2207250704411609;99.60218035414738
ПРОБА 316;339.6539890397455;3.2794644823588315;5.678072093679974;4.067301163151049;5.329239740393691;18.741680176518354;15.46430064952676;2.446219958718774;13.57139120853642;12.630335847781192;6.71;0.191716991710876;154.84778313295416;0.7037137684570007;0.878565544849581;31.603363411559428
ПРОБА 317;248.538863032324;2.9497694506156984;5.662560755313581;3.890926614606814;5.194825602871956;16.42750605588806;10.143408792343946;2.253785444138805;10.09828167333472;9.357307056298616;6.71;0.191716991710876;154.04610271123715;0.3880272856575267;0.128034046501748;-238.54818316485745
ПРОБА 318;235.0526936704072;3.178668718280345;5.183952714244686;3.8086568614996295;4.978890809188071;15.423416893110712;7.533601611947132;2.2355272155355776;9.298719456915444;7.134404460802212;6.71;0.191716991710876;148.61233135150448;0.348863075347693;0.128034046501748;-271.15
ПРОБА 319;225.7067972394438;3.1424137133109253;5.033632552092388;3.845996243295866;5.310773349615068;15.848863706310992;7.957472736257873;2.208192601694257;10.663538901599315;8.18541655306092;6.71;0.191716991710876;148.43822152265898;0.7804472161459255;1.2912038178202736;-237.8224246768004
ПРОБА 320;62.103491251026696;2.857691527341052;4.563604323614003;3.56313388974248;4.693227095909936;7.812827680081665;2.284296636535553;1.97446633364111;1.9972391882790557;1.846047593405911;0.6633724107802197;0.0327950509149222;145.5896983836777;0.348863075347693;0.128034046501748;161.39351471314097
ПРОБА 321;-49.35291093215159;2.51;4.651238800829424;3.5;4.442556835123129;2.8131346603337306;0.0;1.97446633364111;0.0;0.0;0.0;0.0327950509149222;135.22257021756627;0.348863075347693;0.128034046501748;154.39102453878587
ПРОБА 322;1.9825315700326769;2.747448650248247;4.742649682694162;3.5;4.698626434831585;5.338636155211305;0.3041063448370775;1.97446633364111;0.0;0.0;0.0;0.0327950509149222;136.5484828784356;0.348863075347693;0.128034046501748;-271.15
ПРОБА 323;-271.15;2.51;4.144191251638966;3.5;3.76394621804051;0.0;0.0;1.97446633364111;0.0;0.0;0.0;0.0327950509149222;131.02288138014245;0.348863075347693;0.128034046501748;50.48777981888924
ПРОБА 324;224.0122394701819;3.1267200042386607;5.270507020681748;3.8292672259454488;4.92947163555011;14.620256646551484;9.281936957275324;2.213496179247929;7.316211500496699;7.044130666967691;6.71;0.191716991710876;139.87123155214397;0.8405376704318875;0.128034046501748;-237.59589195531723
ПРОБА 325;142.4367749652538;2.9475465827302165;5.134439596016009;3.677290427049999;5.063064920649724;10.096276635667282;7.380004318444056;2.050517498964856;4.4088673946697305;3.207896275629654;4.205035689966244;0.191716991710876;146.20704676634713;0.3670296255554681;0.128034046501748;122.40770899208276
ПРОБА 326;202.641379901858;3.1103424105495407;5.243614798829126;3.7682676633865393;4.728126263624147;13.67933868699269;8.062831599683447;2.1633455159843886;7.635168523712744;5.554720573466543;6.71;0.191716991710876;151.3666939997284;0.8046419680792097;1.0388337350236143;101.6661179395881
ПРОБА 327;1093.2969039126328;5.088720354503405;6.9253159132735975;5.545941233646426;6.987649162749904;20.0;20.0;3.949054943507477;20.0;20.0;6.71;0.191716991710876;168.90009988997946;1.8322438513152333;1.6325125558100857;112.8313693023116
ПРОБА 328;32.20218443106944;2.6170727128831746;4.680719865083571;3.5;4.931381420665629;9.288755124067196;2.4001566250537363;1.97446633364111;0.9394231450854372;0.24829095532259;0.0;0.0327950509149222;143.0475239846103;0.348863075347693;0.128034046501748;176.47680325401524
ПРОБА 329;156.95999896313043;3.0068817225215265;5.205663886997896;3.730703445809232;4.865897905779118;13.638438279097386;5.375951597889594;2.0668891713848945;5.113058390386001;4.1190678373578;4.657805208503858;0.191716991710876;141.2325231604874;0.5135131698435318;0.7801344333529491;132.99812688550128
ПРОБА 330;84.82342302954083;2.747928950255937;4.959581804899025;3.5283223059920417;4.832387161541323;8.022887279913311;4.415822335792133;1.97446633364111;3.893315194492094;2.052715971798229;1.960706794469728;0.0327950509149222;137.04516771763087;0.348863075347693;0.3731144293922261;-179.43831958930258
ПРОБА 331;101.77822586582306;2.81072991669009;5.129977064015134;3.610398668453155;5.004865215382528;9.266939382374243;4.806875927649686;1.97446633364111;4.410735416224368;3.274859780061905;2.519981787224666;0.0327950509149222;153.59669313147865;0.5251544983756045;0.128034046501748;93.58624389495776
ПРОБА 332;-271.15;2.51;4.368805004456178;3.5;3.993374487941045;0.0;0.0;1.97446633364111;0.0;0.0;0.0;0.0327950509149222;126.44086172222896;0.348863075347693;0.128034046501748;-155.64281290987788
ПРОБА 333;55.841060286105744;2.935475919489018;4.678109096142457;3.5030795887106394;4.870896197198681;7.126129106771241;4.455112227883989;1.97446633364111;1.1809199760700153;2.418716240857216;0.263304510968148;0.0327950509149222;134.80363286659926;0.4647672833205631;0.128034046501748;212.7761570720916
ПРОБА 334;73.66291749771278;3.022997437954848;4.7118111056633705;3.541683717178743;4.648770088749372;8.745315412789349;2.9575029639042905;1.97446633364111;3.095138330028808;2.856691241397052;1.409582018807767;0.0327950509149222;143.14022748739197;0.5182110942427192;0.128034046501748;115.11512448321936
ПРОБА 335;-29.28772514180673;2.6623951240498727;4.611671019042743;3.5;4.475287842521414;5.517538324506461;1.5219828741423052;1.97446633364111;0.0;0.0;0.0;0.0327950509149222;140.33268679294608;0.348863075347693;0.5378046388751305;-270.7614068528436
ПРОБА 336;197.6948855440116;3.022049972962935;5.018773309626148;3.7804663893018073;4.875362590251924;12.66190529330735;8.315557681822861;2.1550700065505897;6.059861871635912;8.224575340588983;5.618129268066032;0.191716991710876;149.22425611156382;1.0366113870443658;0.128034046501748;-271.15
ПРОБА 337;27.82938997145766;3.010433232754526;4.961337079695945;3.5;4.726913862746379;5.942222868081007;0.4693528631785753;1.97446633364111;0.645389052164399;0.0;0.0;0.0327950509149222;151.09449792031558;0.348863075347693;0.128034046501748;239.1759436487968
ПРОБА 338;95.35052084214652;2.811533889436024;5.033431697522499;3.5813511972119163;4.998522534927357;7.149925513237704;4.517134123971183;1.97446633364111;3.67625035505074;3.492087355430786;2.6663327257503626;0.0327950509149222;138.61138039199744;0.348863075347693;0.5008597671730853;117.16598625288754
ПРОБА 339;-36.56292856719929;2.5312881557642277;4.886148546560567;3.5;4.509896903674311;3.858010646057619;0.0;1.97446633364111;0.0;0.0;0.0;0.0327950509149222;135.6915635556671;0.4982480501350474;0.128034046501748;-270.6181642573121
ПРОБА 340;-271.15;2.51;4.307470760376623;3.5;3.858627442653008;0.0;0.0;1.97446633364111;0.0;0.0;0.0;0.0327950509149222;140.0758620926098;0.348863075347693;0.128034046501748;148.06248742291575
ПРОБА 341;219.08706106231824;3.267544680518903;5.258673579963325;3.874290031195714;4.87068240632993;13.717236724417154;9.79370945179872;2.211036856819499;6.908853666525438;5.588979292008294;6.71;0.191716991710876;151.285855749127;0.348863075347693;0.128034046501748;-271.15
ПРОБА 342;-75.07271911415305;2.630300044767304;4.8247973505387485;3.5;4.5298116417895935;1.603424166556788;0.0;1.97446633364111;0.0;0.0;0.0;0.0327950509149222;141.73497444547985;0.348863075347693;0.128034046501748;102.61157001275046
ПРОБА 343;-26.847838729390844;2.8925099934924607;4.807488397646685;3.5;4.869055498723093;4.315017605862306;0.0;1.97446633364111;0.0;0.0;0.0;0.0327950509149222;135.92331840500432;0.5183378088340473;0.128034046501748;76.3131276716822
ПРОБА 344;480.57084707967385;3.471971405073574;5.759738992291814;4.304645575150802;5.640952308482843;20.0;20.0;2.719153677079259;18.570510258174487;18.823326828320223;6.71;0.191716991710876;160.1056645165219;0.348863075347693;1.510208508347068;-4.217461423919815
ПРОБА 345;-10.785146308940623;2.8148991555065224;4.997118536499738;3.5;4.527486212086369;3.584742611541881;1.3592956149540056;1.97446633364111;0.0;0.0;0.0;0.0327950509149222;143.679797756877;0.5936889990861671;0.2161062525124476;204.3046795807507
ПРОБА 346;-25.13607936580067;2.627472573381424;4.75566176022313;3.5;4.691925332654155;6.60699764668677;1.064052291221762;1.97446633364111;0.0;0.0;0.0;0.0327950509149222;140.0447758818343;0.348863075347693;0.128034046501748;-219.8827399406057
ПРОБА 347;-271.15;2.51;4.198258487063712;3.5;4.031445655477555;0.0;0.0;1.97446633364111;0.0;0.0;0.0;0.0327950509149222;128.62005516617256;0.348863075347693;0.128034046501748;146.73597828406315
ПРОБА 348;278.85699246272816;3.039011839105663;5.215138091762694;3.893704502777991;5.108212887955286;15.540687829344986;13.150902119885323;2.31597555594308;10.460694487647492;9.062081885791647;6.71;0.191716991710876;148.7319636381999;0.4480194519711322;0.5545700177526033;82.38688836744302
ПРОБА 349;5.841503066633948;2.84928579941334;4.909222704831266;3.5;4.4650027828676455;7.5537673602771696;0.0;1.97446633364111;0.0;0.0;0.0;0.0327950509149222;148.59282578968126;0.348863075347693;0.128034046501748;-98.85575446519948
ПРОБА 350;146.10330258885722;3.0518710180439768;5.272965212611587;3.66188000623692;5.141983463527314;14.232392982085194;6.159419264216323;2.0598288768200788;6.158722295475445;5.251820516710158;4.239003264463042;0.191716991710876;138.47941712923844;0.7962034370854849;0.4871048428758507;131.7890126468543
ПРОБА 351;200.60797254070565;3.0664910918804567;5.181317639688123;3.818957627482527;4.589760295839223;12.33594598209338;7.790507354595296;2.173055952795684;9.621809141666716;6.618974349075311;6.232739462286213;0.191716991710876;141.65072374462318;0.8485592049626436;0.7780228226834724;453.7113411792608
ПРОБА 352;83.9285795796248;2.9113517238775364;5.159658908528362;3.548740522404051;4.915360252144361;8.472087935687458;4.109562753602881;1.97446633364111;1.7807221730461873;3.7299849344065006;1.9371461623027104;0.0327950509149222;139.04851869076137;0.348863075347693;0.4391007530278145;74.14210606903964
ПРОБА 353;-28.404324632584547;2.525379964396639;4.424182239582682;3.5;4.479375750592078;4.688576274927626;0.0;1.97446633364111;0.0;0.0;0.0;0.0327950509149222;136.81162081960647;0.348863075347693;0.128034046501748;48.85455222384053
ПРОБА 354;-237.76633965132856;2.51;4.303810734453198;3.5;4.069596925117533;0.0;0.0;1.97446633364111;0.0;0.0;0.0;0.0327950509149222;132.5939151684629;0.348863075347693;0.128034046501748;419.1113368442593
ПРОБА 355;263.8563690727224;3.144441474783463;5.309449512339258;3.888689785247743;5.425037203733512;15.050591393771157;13.069623352403442;2.302836117472768;11.765564620699012;9.284861885157174;6.71;0.191716991710876;152.7304897618122;1.212633937553058;0.1781544537001929;-271.15
ПРОБА 356;-271.15;2.51;4.132394941629944;3.5;3.951944718994826;0.0;0.0;1.97446633364111;0.0;0.0;0.0;0.0327950509149222;134.08411546312715;0.348863075347693;0.128034046501748;-201.707903710488
ПРОБА 357;204.6619034780711;3.177592269275008;5.568793716705072;3.787535577032114;4.909273900594718;14.447007424475084;9.233462165603555;2.179619030358745;8.035705970720285;6.372512191083396;6.281492138898782;0.191716991710876;146.26665599871976;1.2258122127197713;0.128034046501748;12.934723999499909
ПРОБА 358;629.8454502661058;4.0656766933540585;6.037360779934968;4.663070754841741;5.8517115424515245;20.0;20.0;3.0189752728086527;20.0;20.0;6.71;0.191716991710876;160.15092332973663;1.382805733814747;1.5442516464664071;-60.3791816741581
ПРОБА 359;500.3094929917132;3.590143416931966;5.72506583873849;4.35094080326633;5.68380010004531;20.0;20.0;2.7633945748308792;17.96081428077976;18.53007454966009;6.71;0.191716991710876;158.07688629482888;0.645836095438826;1.4468776296040062;-39.06595447618452
ПРОБА 360;506.1864604240682;3.7219152484051343;5.804403581521613;4.354405353463143;5.552223754252416;20.0;20.0;2.778456765984399;18.56658291940739;18.04459501140744;6.71;0.191716991710876;146.21270776080206;0.8628087762867458;1.0026131735349726;-46.83147813000247
ПРОБА 361;230.5672778894716;3.1004940414375537;4.937014312855423;3.864429541999878;4.811374861852517;13.33098901649938;10.30420889084252;2.226107216425892;8.399278218408522;8.517966359451112;6.71;0.191716991710876;152.321978545655;0.348863075347693;0.128034046501748;-271.15
ПРОБА 362;-47.93925879934986;2.611384881288606;4.573693628698472;3.5;4.372978714041939;3.3274496133418388;0.0;1.97446633364111;0.0;0.0;0.0;0.0327950509149222;134.05532755362202;0.348863075347693;0.128034046501748;55.10767256510508
ПРОБА 363;40.11146729172828;2.6781827646194105;5.021429394485453;3.5;4.9087080324795975;6.821264910950673;3.8850463985629577;1.97446633364111;2.0172536887132733;0.8312070958651955;0.5133020286230945;0.0327950509149222;138.69638953481714;0.348863075347693;1.0970226890553294;85.92196900883675
ПРОБА 364;411.40859091903394;3.39152027182612;5.512791428691132;4.160208353475562;5.449203970956601;20.0;17.399157427961022;2.590744622959216;16.298197065872692;16.6265029999695;6.71;0.191716991710876;153.92911467804765;0.4400960222356944;0.4201276622139426;-233.4991383436975
ПРОБА 365;101.01193811412082;2.992055412930686;4.860842394688621;3.5683733222077287;4.891442673186966;8.968344015036314;5.263218119890933;1.97446633364111;1.865709174213202;4.123016035091634;2.5591819809167937;0.0327950509149222;142.44566766525764;0.348863075347693;0.128034046501748;55.29471688976816
ПРОБА 366;29.77013856635228;2.72196113319793;5.051592920152953;3.5;4.629613901869555;7.145537774489728;0.6731347427590211;1.97446633364111;1.3064096548453994;0.0;0.0;0.0327950509149222;143.2449674086552;0.348863075347693;0.6965173555236575;88.40966842891822
ПРОБА 367;227.6969761494817;3.356350897504426;5.452235161110711;3.861311216611156;4.958789765128275;15.603788573089597;9.653196012854146;2.2273996238208627;8.130533867914115;8.114125073703944;6.71;0.191716991710876;147.3806264614342;0.348863075347693;0.3794006340383718;-271.15
ПРОБА 368;341.6893109331837;3.358398852481348;5.551927868441567;4.047459979063642;5.578233181658834;19.306195474286312;15.241055611501436;2.447037738153615;14.542213363559084;11.677165457359632;6.71;0.191716991710876;148.548852047923;0.5021053526772179;1.244321994192949;549.1819665119918
ПРОБА 369;253.8819691956884;3.0715895825430093;5.224826385167106;3.931555255576389;5.090103479273656;15.99022888551724;11.654441115535189;2.269193961275854;9.127884940681117;8.81182779323259;6.71;0.191716991710876;155.4088092202651;0.348863075347693;0.5855822715586477;-271.15
ПРОБА 370;-27.30249395969224;2.755422837700153;4.6960623357634095;3.5;4.484992234198156;4.444249298480676;0.0;1.97446633364111;0.0;0.0;0.0;0.0327950509149222;142.6875691427694;0.348863075347693;0.1291766989988194;-271.15
ПРОБА 371;262.66171882460765;3.2671813355996187;5.187994966633872;3.8915717736013127;5.322788960952069;15.98974685536622;12.026056421842757;2.291874803164108;10.647794073079336;10.759732771410851;6.71;0.191716991710876;149.26660963857304;1.5098001568244777;0.653352035723993;-271.15
ПРОБА 372;56.735502748732415;2.86631501602886;4.746437092445589;3.534311534012867;4.606337322325512;7.031055785696947;3.393380528233613;1.97446633364111;2.632540301576731;1.266311969582757;0.4951208214302249;0.0327950509149222;145.1275285123007;0.348863075347693;0.4366671885498886;140.56688646852558
ПРОБА 373;230.6472260522998;3.2671667007124983;5.086524447339957;3.8495363329449264;4.97553929896079;15.025577013055797;11.05938900964181;2.2191122928826394;9.274182115318691;7.641053623278068;6.71;0.191716991710876;143.0452271393825;0.7024041874205988;1.706382389258377;-271.15
ПРОБА 374;282.2607931601775;3.1595975653483945;5.256193005926416;3.933992350585633;5.18009958283152;16.676338837284106;12.21298459265471;2.329967256432772;9.20502811831279;11.117244007553976;6.71;0.191716991710876;159.63369556659984;0.348863075347693;1.0473147603714046;289.7501165237168
ПРОБА 375;-271.15;2.51;4.084440876948382;3.5;4.071606919373105;0.0;0.0;1.97446633364111;0.0;0.0;0.0;0.0327950509149222;125.99487657136083;0.348863075347693;0.128034046501748;76.958323453032
ПРОБА 376;321.9073981698372;3.293933742315391;5.188122313363455;4.060124500407953;5.301161374051797;19.932844538559227;13.845330893017008;2.4066686656716056;11.442181584409589;9.495387041218695;6.71;0.191716991710876;150.05727874630392;0.872192735732773;0.820654255199349;63.23336041082473
ПРОБА 377;-29.09158743772221;2.51;4.763991972491295;3.5;4.9060330745366345;4.70537676433811;0.0;1.97446633364111;0.0;0.0;0.0;0.0327950509149222;137.44060044721118;0.348863075347693;0.5240813466601422;1.647313887631242
ПРОБА 378;136.23887554526874;2.912060260400072;5.097020460443186;3.6354388914373335;4.942661009292895;10.16969152140648;6.465634467486296;2.039258955921097;3.626014295702187;4.143217179218616;4.096467295858956;0.191716991710876;142.2021382163883;0.7941898155780891;0.8904639913577255;180.00825673069863
ПРОБА 379;213.303101627092;3.24914855778818;5.479631306106018;3.808605821434204;4.64214384143176;12.90290630239076;5.516904949159393;2.196241588601911;8.578639921917242;7.415764074634938;6.71;0.191716991710876;143.8360202970528;0.348863075347693;0.128034046501748;130.01684596944597
ПРОБА 380;256.3372061549369;3.2095391070755364;5.1965099145713545;3.8979339173306378;5.181191162272995;16.927824908576838;9.163218548082554;2.266002750883642;9.0470830511806;7.560285852169423;6.71;0.191716991710876;143.4692835462292;0.5286317108792131;1.1086299228531615;125.86121673227876
ПРОБА 381;-117.9522033928036;2.51;4.598222833094107;3.5;4.384302169229735;1.0278547987254916;0.0;1.97446633364111;0.0;0.0;0.0;0.0327950509149222;142.47611145526096;0.348863075347693;0.2216443831201915;143.99864642826265
ПРОБА 382;230.40254767240089;2.9526162196921866;5.297521036945214;3.842478917133655;5.081944651362006;15.179439019578144;10.326824953453327;2.2272645570624228;9.530115752668932;9.852805026587877;6.71;0.191716991710876;140.4301294499178;0.6675958369794087;1.8780754530146275;-271.15
ПРОБА 383;71.1513568336996;3.002397901058932;4.890731258388758;3.5254764821831204;4.797360564929592;6.584661995664288;2.31681920249855;1.97446633364111;2.6878925043152324;2.303447602434344;1.6790515254014378;0.0327950509149222;147.07985366353378;0.348863075347693;0.128034046501748;113.7779307522082
ПРОБА 384;245.2937362309709;3.1499838962229343;5.394564354705521;3.901663678255357;5.099645536214747;16.222381640087516;9.732841116650397;2.250299013361027;8.797966357136435;8.614649703672146;6.71;0.191716991710876;150.55459832017902;0.5130962656772321;0.128034046501748;-271.15
ПРОБА 385;264.27192980889663;3.1242357490033013;5.4373353058987846;3.941272633711828;5.13359301096935;16.508491239860724;12.574611890260492;2.2873274529117835;11.622249750667429;8.765016991541424;6.71;0.191716991710876;145.74820483530272;0.5657725097337895;0.2661379953312429;-233.77129049894523
ПРОБА 386;279.0998569891205;3.19659277705509;5.397206174309946;3.933148638516781;5.274746296053182;15.53675730444084;11.31315785728264;2.321294223939175;10.323535567285576;9.402615136985922;6.71;0.191716991710876;150.96338617391586;0.3844520788659972;0.1883702122593291;-234.6495546933538
ПРОБА 387;272.71013160570453;3.0462116455595587;5.293567973838216;3.923202889689523;5.068483406619665;15.92007416606873;13.784519285921665;2.316545552160514;10.540706647489612;7.41240108431866;6.71;0.191716991710876;147.16582908494945;0.8880353879522194;0.128034046501748;-230.27564144266188
ПРОБА 388;212.19689806528456;3.256852269971055;5.156663585544242;3.8237690540398432;4.879518011849342;14.2347868362584;9.119149778725532;2.1974927622595284;8.356983079580482;7.378710052823041;6.531801319507549;0.191716991710876;140.42546907571148;0.6625468880923118;0.128034046501748;164.61757124168696
ПРОБА 389;276.9144089577063;3.178606988798041;5.128672066682959;3.922484215605948;5.6741738881679975;16.61223686595499;12.117806244480017;2.312743399255681;10.057104133470135;10.555253176080605;6.71;0.191716991710876;142.42220559170715;0.6535199462888817;0.2163966402972693;-236.65265843180663
ПРОБА 390;-50.85165759295504;2.724386477419357;4.560692728976255;3.5;4.392252239919069;3.1569562197687406;0.2160018040709026;1.97446633364111;0.0;0.0;0.0;0.0327950509149222;141.70628846788694;0.348863075347693;0.128034046501748;-15.72492811602882
ПРОБА 391;201.8166280427455;3.079264326859475;5.094688648274233;3.784514878418816;5.034268870860888;13.452370562934355;8.836885947193736;2.1694132644518374;7.139406483835593;6.044441938693501;6.520142619127598;0.191716991710876;149.01546255666327;0.8781251240299198;0.128034046501748;-40.772794876821735
ПРОБА 392;401.53530723411575;3.636265152612826;5.415903246153066;4.162279783041243;5.166409199384941;20.0;15.692262017964326;2.5679947624314403;15.249967676438915;13.537141366421706;6.71;0.191716991710876;153.11894061902967;0.8404245349186417;1.848573775943836;-37.34316580916001
ПРОБА 393;-271.15;2.51;4.314239716138916;3.5;4.091070136459448;0.0;0.0;1.97446633364111;0.0;0.0;0.0;0.0327950509149222;129.63006042484784;0.348863075347693;0.128034046501748;160.09660175604853
ПРОБА 394;133.33554486251563;3.033964605536476;5.241130497305595;3.685291521429853;4.724217486922901;12.28810747678428;5.931004767601031;2.0311758213429227;3.8930294512786894;4.020097130613022;3.194384088007017;0.191716991710876;142.81470473293115;0.4482125485795417;0.9361966124726652;18.90359593631337
ПРОБА 395;305.6363803520935;3.363227132946016;5.257751262996316;3.9904698665145215;5.151020219715145;15.14199048244294;11.49390727117267;2.3826966304138537;9.412868592444749;8.774246768385764;6.71;0.191716991710876;147.278116574051;1.4668679582427857;0.6800245617941848;97.6627607220583
ПРОБА 396;298.0700353093688;3.337139287640721;5.4282945923523656;4.019512882541291;5.385050079073736;17.169144857155565;12.300163050324423;2.3646384222962125;13.133932116677142;11.170265560022312;6.71;0.191716991710876;139.6285372712655;0.348863075347693;0.9945601232178998;-237.331266479413
ПРОБА 397;191.5487881867495;3.0926091959657303;5.009933488460207;3.75351216340608;5.076020856015161;13.321657658132924;7.552953142763041;2.140782825991143;9.81147318936748;7.04900030669416;6.046776422353192;0.191716991710876;145.87541507181595;0.8462893610191891;0.462247962793501;-271.15
ПРОБА 398;269.4800604865949;3.1820577483615224;5.279427980665258;3.929162621654479;5.248030393277806;16.55839011844139;12.336753885941723;2.3059247454832272;9.97412686330496;9.16129354071738;6.71;0.191716991710876;150.62177571909595;0.348863075347693;1.253855802127828;-235.08066773678345
ПРОБА 399;230.001780475558;3.348762083218168;5.140412099526001;3.9018730531848975;4.777188427458814;14.311350346991528;9.867876802498074;2.227451446929308;6.863426887692632;5.352556418328277;6.71;0.191716991710876;147.06219389610905;0.6892158773476076;0.4088577450080462;-271.15
ПРОБА 400;240.10162694713995;3.046217717439246;5.361983557132205;3.8372491364889343;5.401744871778973;13.330537004697511;9.954463038028525;2.244764109435674;8.893774810980151;7.240840161173706;6.71;0.191716991710876;156.25073518883346;1.2843503076022047;0.6859020114324796;-260.95382644164226
ПРОБА 401;240.5853001011172;3.151387778074146;5.163377674441916;3.817553640936772;4.895392157557805;15.434601197049297;10.150423782712608;2.249813741160383;8.937382763494517;9.489507647437884;6.71;0.191716991710876;141.7807585015332;0.8252993346466351;0.6111385595904022;35.37645867490215
ПРОБА 402;248.8280355170715;3.1690828917879608;5.443291383500184;3.9123312063632056;5.3675516843667;17.16366534413754;10.809437148379525;2.261582460311273;9.3633912889511;5.808320849244785;6.71;0.191716991710876;143.82160107757625;0.7071162807497143;0.2456560561090714;-227.956084377012
ПРОБА 403;251.02041967177672;3.217785364736033;5.251734250111282;3.8647557271168607;5.2870111138337865;13.990149091245428;11.290824695851343;2.2660291970545696;8.527622454239719;8.326487083968047;6.71;0.191716991710876;148.03432904396706;0.4019435592943482;0.6545606053831061;-271.15
ПРОБА 404;245.40370710395555;3.1114209158607147;5.177562400792804;3.873341225573918;5.201372325395179;16.16317000714691;9.449629764779338;2.254399636036931;9.995903135925198;7.269341214981462;6.71;0.191716991710876;148.44415939767492;0.6411664314209188;1.7107791814109283;-271.15
ПРОБА 405;254.86076376735767;3.2154380108271905;5.102399688816016;3.878358983234539;4.980373253670896;15.349099036861912;9.786036627363536;2.262616326211352;10.319131635270894;9.632194561569644;6.71;0.191716991710876;137.5266807052192;0.5402038151237823;0.2681594109607947;-234.37603011150392
ПРОБА 406;109.24033849815402;2.8688977669957225;5.045923277847421;3.608116654402744;4.857733652941913;9.791482903387813;6.107486464619187;1.9810647041324136;2.475401629397352;2.3276932970731967;2.762868440012498;0.1841336108613943;146.23361854306503;0.348863075347693;0.3794509838331006;131.6416051833504
ПРОБА 407;-271.15;2.51;4.385189765677001;3.5;3.9926823406553207;0.0;0.0;1.97446633364111;0.0;0.0;0.0;0.0327950509149222;132.9713087108312;0.348863075347693;0.128034046501748;-271.15
ПРОБА 408;218.90381285963173;3.108624539507337;5.268385086193015;3.8164265006345137;5.056533430884734;13.90489005131989;7.9725041310788916;2.194861404933936;10.40903120562166;7.9548066428448605;6.71;0.191716991710876;135.30860057705678;0.6590205398993465;1.0193559119802469;11.65325189532075
ПРОБА 409;56.30294401155078;2.6564785481292983;5.249475387369437;3.506707993302942;4.684613961564605;9.035356064451488;3.3291241791356327;1.97446633364111;2.0242718021895887;2.721537309482549;1.1323636386697182;0.0327950509149222;140.8887087962496;0.348863075347693;0.128034046501748;707.7147559956153
ПРОБА 410;419.4888395232771;3.310371657630186;5.849771121719949;4.197230194835326;5.11137209613401;20.0;17.87611709625427;2.6044847357448613;16.042422128153074;15.209805346546212;6.71;0.191716991710876;148.17149613553454;0.6347880789623689;0.128034046501748;-18.44184085879596
ПРОБА 411;-33.1823161661236;2.619011705982773;4.6736971889961065;3.5;4.735395889896006;5.8882126680554965;0.0;1.97446633364111;0.0;0.0;0.0;0.0327950509149222;136.44633251448232;0.348863075347693;0.1513437283217874;173.5886282164475
ПРОБА 412;-26.3690001342342;2.672777062464996;4.685687622626685;3.5;4.5475382279478485;5.605845592898824;0.0;1.97446633364111;0.0;0.0;0.0;0.0327950509149222;132.03037070935943;0.348863075347693;0.128034046501748;281.83226449079905
ПРОБА 413;-5.424226938547918;2.7191051503663592;4.850330849572793;3.5;4.521809156144614;5.705311310678157;1.1518077241769538;1.97446633364111;0.0;0.0;0.0;0.0327950509149222;141.8197187165989;0.3572694871228448;0.7630694818250101;624.1426513070893
ПРОБА 414;292.6560935300346;3.319893924532745;5.242705762773821;3.9579659600943287;5.105319052499418;18.93337197665967;12.713823902198142;2.3532553866322914;11.470828153469183;9.578928602420516;6.71;0.191716991710876;157.78886802710554;0.8206164843049142;0.6004134420349052;-234.04282793616
ПРОБА 415;256.64310508840765;2.9620152348047517;5.483017702608216;3.899249854061569;5.187189866156584;16.1879110715651;11.5308993965882;2.2721374000647154;9.475453963363991;8.338163748739058;6.71;0.191716991710876;148.89234543382042;1.0591792567547402;1.0128068964547885;-234.90522936969225
ПРОБА 416;234.14866353263025;2.9823868067610864;5.312631639715973;3.841516876474045;4.932454817339271;15.677128427392766;8.59487115250496;2.2312592043095125;10.813965263551752;7.976892455746498;6.71;0.191716991710876;135.55710987160234;0.6427157124818811;0.128034046501748;92.1554338111008
ПРОБА 417;-271.15;2.51;4.285649744938876;3.5;3.6938197708939327;0.0;0.0;1.97446633364111;0.0;0.0;0.0;0.0327950509149222;133.16598291787366;0.348863075347693;0.128034046501748;88.06647493709363
ПРОБА 418;-47.47793753795256;2.51;4.800079302815135;3.5;4.587100043899816;3.650622023631599;0.0;1.97446633364111;0.0;0.0;0.0;0.0327950509149222;137.3683297042961;0.348863075347693;0.128034046501748;-162.54186505621172
ПРОБА 419;54.42082264344339;2.8484171749548786;5.16530086677532;3.5;4.8096530743829895;6.9626027917279565;2.327236456303588;1.97446633364111;0.6732859172462258;1.7774928879532437;0.2609311367537281;0.0327950509149222;135.69215445589444;0.348863075347693;0.128034046501748;108.43522618905445
ПРОБА 420;251.18423854696664;3.093540324429505;5.316993917473241;3.902401911419013;5.082791823398765;16.520147185764017;11.551118860588888;2.2632080393468303;10.234822417971955;8.973497074666454;6.71;0.191716991710876;149.19125529560642;0.4148163719627352;0.1317695316012997;-235.71019628057104
ПРОБА 421;35.571965586377075;2.7499792642892205;4.8415133713753855;3.5;4.492731876516762;5.727768709630714;3.53534684341981;1.97446633364111;1.3424725965368092;0.0;0.4793978564052678;0.0327950509149222;145.4704264309156;1.1458910763946195;0.128034046501748;338.04013948118563
ПРОБА 422;108.04821566304662;2.813407089082689;5.239190137290617;3.5877220281278768;4.844854811363383;10.587472678230023;6.749492390412721;1.9765743076498683;3.05307508794758;2.831313041482703;3.174833560130132;0.1528346552550313;139.55961668584214;0.348863075347693;1.7471011545006117;79.76108283331871
ПРОБА 423;17.88421218429994;2.769706410840868;4.974529928857307;3.5;4.404320929614409;6.007911139157335;2.6633700681683994;1.97446633364111;0.4929583112994355;0.0905910996419856;0.0;0.0327950509149222;131.7619383046371;0.348863075347693;0.438925445501759;97.91013114099952
ПРОБА 424;266.4962048391387;3.2183574038817464;5.270957949215235;3.910144058170072;4.974792961671429;17.314288996323366;11.183307721225862;2.305596564886026;11.472560739687646;7.415053136890139;6.71;0.191716991710876;137.2988963160374;0.8539771154566759;1.0615856005194535;-271.15
ПРОБА 425;-271.15;2.51;4.246493119579452;3.5;3.945819772573888;0.0;0.0;1.97446633364111;0.0;0.0;0.0;0.0327950509149222;128.19833578815962;0.348863075347693;0.128034046501748;-271.15
ПРОБА 426;-111.99994002105706;2.51;4.594431877355103;3.5;4.531221591270556;2.823842266095016;0.0;1.97446633364111;0.0;0.0;0.0;0.0327950509149222;135.63703663378402;0.348863075347693;0.5554758153193744;-107.32249464675527
ПРОБА 427;133.84109202839585;2.9680273093033707;5.11204959925449;3.663231039198892;4.820806526796943;11.567612081564976;6.108015339725792;2.040641935254472;4.936274563948885;4.256932824623618;3.5724301041534208;0.191716991710876;141.12970403315563;0.8802684393496775;0.128034046501748;119.82273997345874
ПРОБА 428;-49.24255698606407;2.51;4.478096307253281;3.5;4.440358938993649;1.9414511741946936;0.0;1.97446633364111;0.0;0.0;0.0;0.0327950509149222;134.7636664938143;0.348863075347693;0.128034046501748;-271.0730309106983
ПРОБА 429;228.9971971066645;3.1766023285956213;5.005608774161007;3.852199276892345;5.399267067483048;14.576128420658875;10.61683472543326;2.2300537900636086;8.417740654893194;9.652576401180388;6.71;0.191716991710876;149.64460458919336;0.348863075347693;0.2641686526287707;-271.15
ПРОБА 430;265.2197163433572;3.5005080230205023;5.180139385588087;3.943793645602646;5.203338577904159;14.919975170429971;11.182699716998853;2.293452066825485;10.127394593339664;9.710535141530988;6.71;0.191716991710876;150.1825801456108;1.1710167650725622;0.920298648372507;-271.15
ПРОБА 431;255.67657644769645;3.335472490403713;5.14899964352288;3.888947867159252;5.181996410338261;15.191976924832082;10.130969830824691;2.283248653130352;8.121604551182838;9.518144777631534;6.71;0.191716991710876;148.5216692945663;0.913494517848457;0.128034046501748;-238.42267090899105
ПРОБА 432;-271.15;2.51;4.145355655819373;3.5;4.009636802115865;0.0;0.0;1.97446633364111;0.0;0.0;0.0;0.0327950509149222;135.9383314671235;0.348863075347693;0.128034046501748;-190.76088932640624
ПРОБА 433;-208.4345122014808;2.51;4.470024948652819;3.5;4.097100398206213;0.0;0.0;1.97446633364111;0.0;0.0;0.0;0.0327950509149222;130.1287715470588;0.4728528490335884;0.128034046501748;-271.15
ПРОБА 434;139.9742076748867;2.727972618832588;5.041608519819256;3.626467699334213;4.527587013585236;10.38323158770722;6.235155307485921;2.0426062810459755;4.676443320116285;3.434279252667471;4.383814456272631;0.191716991710876;138.29245552495894;0.6961144790177605;1.0725919541963838;811.1409096458282
ПРОБА 435;230.4564144185136;2.979431225248476;5.279502552781203;3.847426524753337;5.237038544872558;13.68773291959064;10.191660262899378;2.220778640743266;6.253705944210473;8.279246684278172;6.71;0.191716991710876;143.9951179317573;0.5938082680167079;0.8144326029272313;-271.15
ПРОБА 436;217.45036390140012;3.2513153432113406;5.032098344401303;3.774758713482113;5.123854280455328;14.213990358222764;10.001287507548694;2.1982657046582568;9.083052301954638;7.770199294735399;6.71;0.191716991710876;143.2447756521198;1.2454567795751277;0.7312865633582499;-37.71625770888892
ПРОБА 437;68.31464834964606;2.716043639922666;4.852674951407533;3.513777162436027;4.72048066977438;6.999219493895213;2.99093818037873;1.97446633364111;2.60514939855058;0.8390642513301318;1.0916381933621695;0.0327950509149222;131.14656614026833;0.348863075347693;0.4155456312591356;-20.502140321382427
